-- Seed file for local development
-- Creates a test user: ade@mir.com with password: 123456
-- All mocked data starts from 5 years ago
-- Transactions grow over time: ~1/week in 2020, increasing to ~5/week in 2025

-- ============================================================================
-- IMPORTANT: This seed file works with the simplified schema where:
-- - user_id columns reference auth.users(id) directly
-- - There is no app_users table
-- - User metadata is stored in auth.users.raw_user_meta_data
-- ============================================================================

-- Clean up existing seed data first (in case of re-run)
DELETE FROM transactions WHERE account_id IN (SELECT id FROM user_accounts WHERE user_id = '00000000-0000-0000-0000-000000000001');
DELETE FROM budget_items WHERE budget_id IN (SELECT id FROM budgets WHERE user_id = '00000000-0000-0000-0000-000000000001');
DELETE FROM budgets WHERE user_id = '00000000-0000-0000-0000-000000000001';
DELETE FROM user_accounts WHERE user_id = '00000000-0000-0000-0000-000000000001';
DELETE FROM categories WHERE user_id = '00000000-0000-0000-0000-000000000001';
DELETE FROM auth.identities WHERE user_id = '00000000-0000-0000-0000-000000000001';
DELETE FROM auth.users WHERE id = '00000000-0000-0000-0000-000000000001';

-- ============================================================================
-- AUTH USER
-- User metadata includes: name, onboarding_completed, default_currency
-- ============================================================================
INSERT INTO auth.users (
  id, instance_id, email, encrypted_password, email_confirmed_at,
  raw_app_meta_data, raw_user_meta_data, aud, role,
  created_at, updated_at, confirmation_token, recovery_token, email_change_token_new, email_change
) VALUES (
  '00000000-0000-0000-0000-000000000001',
  '00000000-0000-0000-0000-000000000000',
  'ade@mir.com',
  extensions.crypt('123456', extensions.gen_salt('bf')),
  now() - interval '5 years',
  '{"provider": "email", "providers": ["email"]}',
  '{"name": "Ade Mir", "full_name": "Ade Mir", "onboarding_completed": true, "default_currency": "BRL"}',
  'authenticated',
  'authenticated',
  now() - interval '5 years',
  now(),
  '', '', '', ''
);

INSERT INTO auth.identities (
  id, user_id, identity_data, provider, provider_id, last_sign_in_at, created_at, updated_at
) VALUES (
  '00000000-0000-0000-0000-000000000001',
  '00000000-0000-0000-0000-000000000001',
  jsonb_build_object('sub', '00000000-0000-0000-0000-000000000001', 'email', 'ade@mir.com', 'email_verified', true),
  'email',
  '00000000-0000-0000-0000-000000000001',
  now(),
  now() - interval '5 years',
  now()
);

INSERT INTO user_accounts (id, user_id, identification, kind, currency, created_at, updated_at, created_by) VALUES
  ('20000000-0000-0000-0000-000000000001', '00000000-0000-0000-0000-000000000001', 'Nubank Conta', 'CHECKING', 'BRL', now() - interval '5 years', now(), '00000000-0000-0000-0000-000000000001'),
  ('20000000-0000-0000-0000-000000000002', '00000000-0000-0000-0000-000000000001', 'Itaú Conta', 'CHECKING', 'BRL', now() - interval '5 years', now(), '00000000-0000-0000-0000-000000000001'),
  ('20000000-0000-0000-0000-000000000003', '00000000-0000-0000-0000-000000000001', 'Bradesco Conta', 'CHECKING', 'BRL', now() - interval '4 years', now(), '00000000-0000-0000-0000-000000000001'),
  ('20000000-0000-0000-0000-000000000004', '00000000-0000-0000-0000-000000000001', 'Poupança BB', 'SAVINGS', 'BRL', now() - interval '5 years', now(), '00000000-0000-0000-0000-000000000001'),
  ('20000000-0000-0000-0000-000000000005', '00000000-0000-0000-0000-000000000001', 'Poupança Caixa', 'SAVINGS', 'BRL', now() - interval '3 years', now(), '00000000-0000-0000-0000-000000000001'),
  ('20000000-0000-0000-0000-000000000006', '00000000-0000-0000-0000-000000000001', 'Carteira', 'CASH', 'BRL', now() - interval '5 years', now(), '00000000-0000-0000-0000-000000000001'),
  ('20000000-0000-0000-0000-000000000007', '00000000-0000-0000-0000-000000000001', 'Nubank Crédito', 'CREDIT_CARD', 'BRL', now() - interval '5 years', now(), '00000000-0000-0000-0000-000000000001'),
  ('20000000-0000-0000-0000-000000000008', '00000000-0000-0000-0000-000000000001', 'Itaú Crédito', 'CREDIT_CARD', 'BRL', now() - interval '4 years', now(), '00000000-0000-0000-0000-000000000001'),
  ('20000000-0000-0000-0000-000000000009', '00000000-0000-0000-0000-000000000001', 'Inter Conta', 'CHECKING', 'BRL', now() - interval '2 years', now(), '00000000-0000-0000-0000-000000000001'),
  ('20000000-0000-0000-0000-000000000010', '00000000-0000-0000-0000-000000000001', 'Wise USD', 'CHECKING', 'USD', now() - interval '1 year', now(), '00000000-0000-0000-0000-000000000001');

-- ============================================================================
-- ACTIVITY LOG (User Milestones)
-- ============================================================================
INSERT INTO activity_log (user_id, type, data, created_at, created_by) VALUES
  ('00000000-0000-0000-0000-000000000001', 'WELCOME', '{"message": "Bem vindo ao Financas!"}'::JSONB, now() - interval '5 years', '00000000-0000-0000-0000-000000000001');

INSERT INTO activity_log (user_id, account_id, type, data, created_at, created_by) VALUES
  ('00000000-0000-0000-0000-000000000001', '20000000-0000-0000-0000-000000000001', 'ACCOUNT_CREATED', '{"name": "Nubank Conta"}'::JSONB, now() - interval '5 years', '00000000-0000-0000-0000-000000000001'),
  ('00000000-0000-0000-0000-000000000001', '20000000-0000-0000-0000-000000000002', 'ACCOUNT_CREATED', '{"name": "Itaú Conta"}'::JSONB, now() - interval '5 years', '00000000-0000-0000-0000-000000000001'),
  ('00000000-0000-0000-0000-000000000001', '20000000-0000-0000-0000-000000000003', 'ACCOUNT_CREATED', '{"name": "Bradesco Conta"}'::JSONB, now() - interval '4 years', '00000000-0000-0000-0000-000000000001'),
  ('00000000-0000-0000-0000-000000000001', '20000000-0000-0000-0000-000000000004', 'ACCOUNT_CREATED', '{"name": "Poupança BB"}'::JSONB, now() - interval '5 years', '00000000-0000-0000-0000-000000000001'),
  ('00000000-0000-0000-0000-000000000001', '20000000-0000-0000-0000-000000000005', 'ACCOUNT_CREATED', '{"name": "Poupança Caixa"}'::JSONB, now() - interval '3 years', '00000000-0000-0000-0000-000000000001'),
  ('00000000-0000-0000-0000-000000000001', '20000000-0000-0000-0000-000000000006', 'ACCOUNT_CREATED', '{"name": "Carteira"}'::JSONB, now() - interval '5 years', '00000000-0000-0000-0000-000000000001'),
  ('00000000-0000-0000-0000-000000000001', '20000000-0000-0000-0000-000000000007', 'ACCOUNT_CREATED', '{"name": "Nubank Crédito"}'::JSONB, now() - interval '5 years', '00000000-0000-0000-0000-000000000001'),
  ('00000000-0000-0000-0000-000000000001', '20000000-0000-0000-0000-000000000008', 'ACCOUNT_CREATED', '{"name": "Itaú Crédito"}'::JSONB, now() - interval '4 years', '00000000-0000-0000-0000-000000000001'),
  ('00000000-0000-0000-0000-000000000001', '20000000-0000-0000-0000-000000000009', 'ACCOUNT_CREATED', '{"name": "Inter Conta"}'::JSONB, now() - interval '2 years', '00000000-0000-0000-0000-000000000001'),
  ('00000000-0000-0000-0000-000000000001', '20000000-0000-0000-0000-000000000010', 'ACCOUNT_CREATED', '{"name": "Wise USD"}'::JSONB, now() - interval '1 year', '00000000-0000-0000-0000-000000000001');

-- ============================================================================
-- BUDGETS
-- ============================================================================
INSERT INTO budgets (id, user_id, name, start_date, end_date, is_active, created_at, updated_at, created_by) VALUES
  ('30000000-0000-0000-0000-000000000001', '00000000-0000-0000-0000-000000000001', 'Orçamento 2020', '2020-01-01', '2020-12-31', false, '2020-01-01'::timestamptz, now(), '00000000-0000-0000-0000-000000000001'),
  ('30000000-0000-0000-0000-000000000002', '00000000-0000-0000-0000-000000000001', 'Orçamento 2021', '2021-01-01', '2021-12-31', false, '2021-01-01'::timestamptz, now(), '00000000-0000-0000-0000-000000000001'),
  ('30000000-0000-0000-0000-000000000003', '00000000-0000-0000-0000-000000000001', 'Orçamento 2022', '2022-01-01', '2022-12-31', false, '2022-01-01'::timestamptz, now(), '00000000-0000-0000-0000-000000000001'),
  ('30000000-0000-0000-0000-000000000004', '00000000-0000-0000-0000-000000000001', 'Orçamento 2023', '2023-01-01', '2023-12-31', false, '2023-01-01'::timestamptz, now(), '00000000-0000-0000-0000-000000000001'),
  ('30000000-0000-0000-0000-000000000005', '00000000-0000-0000-0000-000000000001', 'Orçamento 2024', '2024-01-01', '2024-12-31', false, '2024-01-01'::timestamptz, now(), '00000000-0000-0000-0000-000000000001'),
  ('30000000-0000-0000-0000-000000000006', '00000000-0000-0000-0000-000000000001', 'Orçamento 2025', '2025-01-01', '2025-12-31', true, '2025-01-01'::timestamptz, now(), '00000000-0000-0000-0000-000000000001');

-- ============================================================================
-- BUDGET ITEMS
-- ============================================================================
INSERT INTO budget_items (id, budget_id, category_id, amount, created_at, updated_at, created_by) VALUES
  ('40000000-0000-0000-0000-000000000001', '30000000-0000-0000-0000-000000000006', 'c0000000-0000-0000-0000-000000000001', 1800.00, '2025-01-01'::timestamptz, now(), '00000000-0000-0000-0000-000000000001'),
  ('40000000-0000-0000-0000-000000000002', '30000000-0000-0000-0000-000000000006', 'c0000000-0000-0000-0000-000000000002', 900.00, '2025-01-01'::timestamptz, now(), '00000000-0000-0000-0000-000000000001'),
  ('40000000-0000-0000-0000-000000000003', '30000000-0000-0000-0000-000000000006', 'c0000000-0000-0000-0000-000000000003', 3000.00, '2025-01-01'::timestamptz, now(), '00000000-0000-0000-0000-000000000001'),
  ('40000000-0000-0000-0000-000000000004', '30000000-0000-0000-0000-000000000006', 'c0000000-0000-0000-0000-000000000004', 600.00, '2025-01-01'::timestamptz, now(), '00000000-0000-0000-0000-000000000001'),
  ('40000000-0000-0000-0000-000000000005', '30000000-0000-0000-0000-000000000006', 'c0000000-0000-0000-0000-000000000005', 400.00, '2025-01-01'::timestamptz, now(), '00000000-0000-0000-0000-000000000001'),
  ('40000000-0000-0000-0000-000000000006', '30000000-0000-0000-0000-000000000006', 'c0000000-0000-0000-0000-000000000006', 800.00, '2025-01-01'::timestamptz, now(), '00000000-0000-0000-0000-000000000001'),
  ('40000000-0000-0000-0000-000000000007', '30000000-0000-0000-0000-000000000006', 'c0000000-0000-0000-0000-00000000000a', 500.00, '2025-01-01'::timestamptz, now(), '00000000-0000-0000-0000-000000000001'),
  ('40000000-0000-0000-0000-000000000008', '30000000-0000-0000-0000-000000000006', 'c0000000-0000-0000-0000-00000000000c', 200.00, '2025-01-01'::timestamptz, now(), '00000000-0000-0000-0000-000000000001');

-- ============================================================================
-- INITIAL BALANCE TRANSACTIONS (one per account)
-- Using category "Inicial" (00000000-0000-0000-0000-000000000000)
-- ============================================================================
INSERT INTO transactions (id, account_id, category_id, amount, currency, description, name, kind, transacted_date, created_at, updated_at, created_by) VALUES
  ('40000000-0001-0000-0000-000000000001', '20000000-0000-0000-0000-000000000001', '00000000-0000-0000-0000-000000000000', 5000.00, 'BRL', 'Saldo inicial da conta', 'Saldo Inicial', 'CREDIT', '2020-01-01', '2020-01-01'::timestamptz, now(), '00000000-0000-0000-0000-000000000001'),
  ('40000000-0001-0000-0000-000000000002', '20000000-0000-0000-0000-000000000002', '00000000-0000-0000-0000-000000000000', 3500.00, 'BRL', 'Saldo inicial da conta', 'Saldo Inicial', 'CREDIT', '2020-01-01', '2020-01-01'::timestamptz, now(), '00000000-0000-0000-0000-000000000001'),
  ('40000000-0001-0000-0000-000000000003', '20000000-0000-0000-0000-000000000003', '00000000-0000-0000-0000-000000000000', 2000.00, 'BRL', 'Saldo inicial da conta', 'Saldo Inicial', 'CREDIT', '2021-01-01', '2021-01-01'::timestamptz, now(), '00000000-0000-0000-0000-000000000001'),
  ('40000000-0001-0000-0000-000000000004', '20000000-0000-0000-0000-000000000004', '00000000-0000-0000-0000-000000000000', 10000.00, 'BRL', 'Saldo inicial da conta', 'Saldo Inicial', 'CREDIT', '2020-01-01', '2020-01-01'::timestamptz, now(), '00000000-0000-0000-0000-000000000001'),
  ('40000000-0001-0000-0000-000000000005', '20000000-0000-0000-0000-000000000005', '00000000-0000-0000-0000-000000000000', 5000.00, 'BRL', 'Saldo inicial da conta', 'Saldo Inicial', 'CREDIT', '2022-01-01', '2022-01-01'::timestamptz, now(), '00000000-0000-0000-0000-000000000001'),
  ('40000000-0001-0000-0000-000000000006', '20000000-0000-0000-0000-000000000006', '00000000-0000-0000-0000-000000000000', 500.00, 'BRL', 'Saldo inicial da conta', 'Saldo Inicial', 'CREDIT', '2020-01-01', '2020-01-01'::timestamptz, now(), '00000000-0000-0000-0000-000000000001'),
  ('40000000-0001-0000-0000-000000000009', '20000000-0000-0000-0000-000000000009', '00000000-0000-0000-0000-000000000000', 1500.00, 'BRL', 'Saldo inicial da conta', 'Saldo Inicial', 'CREDIT', '2023-01-01', '2023-01-01'::timestamptz, now(), '00000000-0000-0000-0000-000000000001'),
  ('40000000-0001-0000-0000-000000000010', '20000000-0000-0000-0000-000000000010', '00000000-0000-0000-0000-000000000000', 2500.00, 'USD', 'Saldo inicial da conta', 'Saldo Inicial', 'CREDIT', '2024-01-01', '2024-01-01'::timestamptz, now(), '00000000-0000-0000-0000-000000000001');

-- ============================================================================
-- TRANSACTIONS 2020 (~52 transactions, ~1/week)
-- ============================================================================
INSERT INTO transactions (id, account_id, category_id, amount, currency, description, name, kind, transacted_date, created_at, updated_at, created_by) VALUES
  ('50000000-0001-0000-0000-000000000001', '20000000-0000-0000-0000-000000000001', 'c0000000-0000-0000-0000-000000000008', 8500.00, 'BRL', 'Salário Janeiro', 'Salário', 'CREDIT', '2020-01-05', '2020-01-05'::timestamptz, now(), '00000000-0000-0000-0000-000000000001'),
  ('50000000-0001-0000-0000-000000000002', '20000000-0000-0000-0000-000000000001', 'c0000000-0000-0000-0000-000000000003', -2200.00, 'BRL', 'Aluguel Janeiro', 'Aluguel', 'DEBIT', '2020-01-10', '2020-01-10'::timestamptz, now(), '00000000-0000-0000-0000-000000000001'),
  ('50000000-0001-0000-0000-000000000003', '20000000-0000-0000-0000-000000000001', 'c0000000-0000-0000-0000-000000000001', -385.50, 'BRL', 'Supermercado Extra', 'Mercado', 'DEBIT', '2020-01-18', '2020-01-18'::timestamptz, now(), '00000000-0000-0000-0000-000000000001'),
  ('50000000-0001-0000-0000-000000000004', '20000000-0000-0000-0000-000000000002', 'c0000000-0000-0000-0000-000000000002', -195.00, 'BRL', 'Combustível Shell', 'Gasolina', 'DEBIT', '2020-01-25', '2020-01-25'::timestamptz, now(), '00000000-0000-0000-0000-000000000001'),
  ('50000000-0001-0000-0000-000000000005', '20000000-0000-0000-0000-000000000001', 'c0000000-0000-0000-0000-000000000007', 8500.00, 'BRL', 'Salário Fevereiro', 'Salário', 'CREDIT', '2020-02-05', '2020-02-05'::timestamptz, now(), '00000000-0000-0000-0000-000000000001'),
  ('50000000-0001-0000-0000-000000000006', '20000000-0000-0000-0000-000000000001', 'c0000000-0000-0000-0000-000000000003', -2200.00, 'BRL', 'Aluguel Fevereiro', 'Aluguel', 'DEBIT', '2020-02-10', '2020-02-10'::timestamptz, now(), '00000000-0000-0000-0000-000000000001'),
  ('50000000-0001-0000-0000-000000000007', '20000000-0000-0000-0000-000000000007', 'c0000000-0000-0000-0000-000000000001', -142.80, 'BRL', 'Padaria Pão Quente', 'Padaria', 'DEBIT', '2020-02-15', '2020-02-15'::timestamptz, now(), '00000000-0000-0000-0000-000000000001'),
  ('50000000-0001-0000-0000-000000000008', '20000000-0000-0000-0000-000000000001', 'c0000000-0000-0000-0000-00000000000a', -285.00, 'BRL', 'Conta de luz', 'CPFL', 'DEBIT', '2020-02-20', '2020-02-20'::timestamptz, now(), '00000000-0000-0000-0000-000000000001'),
  ('50000000-0001-0000-0000-000000000009', '20000000-0000-0000-0000-000000000006', 'c0000000-0000-0000-0000-000000000001', -45.00, 'BRL', 'Lanche rua', 'Lanche', 'DEBIT', '2020-02-28', '2020-02-28'::timestamptz, now(), '00000000-0000-0000-0000-000000000001'),
  ('50000000-0001-0000-0000-000000000010', '20000000-0000-0000-0000-000000000001', 'c0000000-0000-0000-0000-000000000007', 8500.00, 'BRL', 'Salário Março', 'Salário', 'CREDIT', '2020-03-05', '2020-03-05'::timestamptz, now(), '00000000-0000-0000-0000-000000000001'),
  ('50000000-0001-0000-0000-000000000011', '20000000-0000-0000-0000-000000000001', 'c0000000-0000-0000-0000-000000000003', -2200.00, 'BRL', 'Aluguel Março', 'Aluguel', 'DEBIT', '2020-03-10', '2020-03-10'::timestamptz, now(), '00000000-0000-0000-0000-000000000001'),
  ('50000000-0001-0000-0000-000000000012', '20000000-0000-0000-0000-000000000001', 'c0000000-0000-0000-0000-000000000001', -412.30, 'BRL', 'Supermercado Carrefour', 'Mercado', 'DEBIT', '2020-03-14', '2020-03-14'::timestamptz, now(), '00000000-0000-0000-0000-000000000001'),
  ('50000000-0001-0000-0000-000000000013', '20000000-0000-0000-0000-000000000002', 'c0000000-0000-0000-0000-000000000002', -210.00, 'BRL', 'Combustível Ipiranga', 'Gasolina', 'DEBIT', '2020-03-21', '2020-03-21'::timestamptz, now(), '00000000-0000-0000-0000-000000000001'),
  ('50000000-0001-0000-0000-000000000014', '20000000-0000-0000-0000-000000000001', 'c0000000-0000-0000-0000-000000000004', -89.90, 'BRL', 'Farmácia Drogasil', 'Remédios', 'DEBIT', '2020-03-28', '2020-03-28'::timestamptz, now(), '00000000-0000-0000-0000-000000000001'),
  ('50000000-0001-0000-0000-000000000015', '20000000-0000-0000-0000-000000000001', 'c0000000-0000-0000-0000-000000000007', 8500.00, 'BRL', 'Salário Abril', 'Salário', 'CREDIT', '2020-04-05', '2020-04-05'::timestamptz, now(), '00000000-0000-0000-0000-000000000001'),
  ('50000000-0001-0000-0000-000000000016', '20000000-0000-0000-0000-000000000001', 'c0000000-0000-0000-0000-000000000003', -2200.00, 'BRL', 'Aluguel Abril', 'Aluguel', 'DEBIT', '2020-04-10', '2020-04-10'::timestamptz, now(), '00000000-0000-0000-0000-000000000001'),
  ('50000000-0001-0000-0000-000000000017', '20000000-0000-0000-0000-000000000001', 'c0000000-0000-0000-0000-00000000000a', -125.00, 'BRL', 'Internet Vivo', 'Internet', 'DEBIT', '2020-04-15', '2020-04-15'::timestamptz, now(), '00000000-0000-0000-0000-000000000001'),
  ('50000000-0001-0000-0000-000000000018', '20000000-0000-0000-0000-000000000007', 'c0000000-0000-0000-0000-000000000006', -89.90, 'BRL', 'Cinema Cinemark', 'Cinema', 'DEBIT', '2020-04-18', '2020-04-18'::timestamptz, now(), '00000000-0000-0000-0000-000000000001'),
  ('50000000-0001-0000-0000-000000000019', '20000000-0000-0000-0000-000000000001', 'c0000000-0000-0000-0000-000000000001', -367.45, 'BRL', 'Supermercado Pão de Açúcar', 'Mercado', 'DEBIT', '2020-04-25', '2020-04-25'::timestamptz, now(), '00000000-0000-0000-0000-000000000001'),
  ('50000000-0001-0000-0000-000000000020', '20000000-0000-0000-0000-000000000001', 'c0000000-0000-0000-0000-000000000007', 8500.00, 'BRL', 'Salário Maio', 'Salário', 'CREDIT', '2020-05-05', '2020-05-05'::timestamptz, now(), '00000000-0000-0000-0000-000000000001'),
  ('50000000-0001-0000-0000-000000000021', '20000000-0000-0000-0000-000000000001', 'c0000000-0000-0000-0000-000000000003', -2200.00, 'BRL', 'Aluguel Maio', 'Aluguel', 'DEBIT', '2020-05-10', '2020-05-10'::timestamptz, now(), '00000000-0000-0000-0000-000000000001'),
  ('50000000-0001-0000-0000-000000000022', '20000000-0000-0000-0000-000000000002', 'c0000000-0000-0000-0000-000000000002', -185.00, 'BRL', 'Combustível BR', 'Gasolina', 'DEBIT', '2020-05-16', '2020-05-16'::timestamptz, now(), '00000000-0000-0000-0000-000000000001'),
  ('50000000-0001-0000-0000-000000000023', '20000000-0000-0000-0000-000000000001', 'c0000000-0000-0000-0000-00000000000a', -178.50, 'BRL', 'Conta de água', 'Sabesp', 'DEBIT', '2020-05-20', '2020-05-20'::timestamptz, now(), '00000000-0000-0000-0000-000000000001'),
  ('50000000-0001-0000-0000-000000000024', '20000000-0000-0000-0000-000000000006', 'c0000000-0000-0000-0000-000000000001', -32.00, 'BRL', 'Feira livre', 'Feira', 'DEBIT', '2020-05-24', '2020-05-24'::timestamptz, now(), '00000000-0000-0000-0000-000000000001'),
  ('50000000-0001-0000-0000-000000000025', '20000000-0000-0000-0000-000000000001', 'c0000000-0000-0000-0000-000000000007', 8500.00, 'BRL', 'Salário Junho', 'Salário', 'CREDIT', '2020-06-05', '2020-06-05'::timestamptz, now(), '00000000-0000-0000-0000-000000000001'),
  ('50000000-0001-0000-0000-000000000026', '20000000-0000-0000-0000-000000000001', 'c0000000-0000-0000-0000-000000000003', -2200.00, 'BRL', 'Aluguel Junho', 'Aluguel', 'DEBIT', '2020-06-10', '2020-06-10'::timestamptz, now(), '00000000-0000-0000-0000-000000000001'),
  ('50000000-0001-0000-0000-000000000027', '20000000-0000-0000-0000-000000000001', 'c0000000-0000-0000-0000-000000000001', -445.80, 'BRL', 'Supermercado Dia', 'Mercado', 'DEBIT', '2020-06-13', '2020-06-13'::timestamptz, now(), '00000000-0000-0000-0000-000000000001'),
  ('50000000-0001-0000-0000-000000000028', '20000000-0000-0000-0000-000000000004', 'c0000000-0000-0000-0000-000000000008', 320.00, 'BRL', 'Rendimento poupança', 'Investimento', 'CREDIT', '2020-06-20', '2020-06-20'::timestamptz, now(), '00000000-0000-0000-0000-000000000001'),
  ('50000000-0001-0000-0000-000000000029', '20000000-0000-0000-0000-000000000007', 'c0000000-0000-0000-0000-00000000000b', -259.90, 'BRL', 'Americanas', 'Compras', 'DEBIT', '2020-06-27', '2020-06-27'::timestamptz, now(), '00000000-0000-0000-0000-000000000001'),
  ('50000000-0001-0000-0000-000000000030', '20000000-0000-0000-0000-000000000001', 'c0000000-0000-0000-0000-000000000007', 8500.00, 'BRL', 'Salário Julho', 'Salário', 'CREDIT', '2020-07-05', '2020-07-05'::timestamptz, now(), '00000000-0000-0000-0000-000000000001'),
  ('50000000-0001-0000-0000-000000000031', '20000000-0000-0000-0000-000000000001', 'c0000000-0000-0000-0000-000000000003', -2200.00, 'BRL', 'Aluguel Julho', 'Aluguel', 'DEBIT', '2020-07-10', '2020-07-10'::timestamptz, now(), '00000000-0000-0000-0000-000000000001'),
  ('50000000-0001-0000-0000-000000000032', '20000000-0000-0000-0000-000000000002', 'c0000000-0000-0000-0000-000000000002', -225.00, 'BRL', 'Combustível Shell', 'Gasolina', 'DEBIT', '2020-07-18', '2020-07-18'::timestamptz, now(), '00000000-0000-0000-0000-000000000001'),
  ('50000000-0001-0000-0000-000000000033', '20000000-0000-0000-0000-000000000001', 'c0000000-0000-0000-0000-00000000000a', -295.00, 'BRL', 'Conta de luz', 'CPFL', 'DEBIT', '2020-07-22', '2020-07-22'::timestamptz, now(), '00000000-0000-0000-0000-000000000001'),
  ('50000000-0001-0000-0000-000000000034', '20000000-0000-0000-0000-000000000001', 'c0000000-0000-0000-0000-000000000004', -450.00, 'BRL', 'Consulta médica', 'Médico', 'DEBIT', '2020-07-28', '2020-07-28'::timestamptz, now(), '00000000-0000-0000-0000-000000000001'),
  ('50000000-0001-0000-0000-000000000035', '20000000-0000-0000-0000-000000000001', 'c0000000-0000-0000-0000-000000000007', 8500.00, 'BRL', 'Salário Agosto', 'Salário', 'CREDIT', '2020-08-05', '2020-08-05'::timestamptz, now(), '00000000-0000-0000-0000-000000000001'),
  ('50000000-0001-0000-0000-000000000036', '20000000-0000-0000-0000-000000000001', 'c0000000-0000-0000-0000-000000000003', -2200.00, 'BRL', 'Aluguel Agosto', 'Aluguel', 'DEBIT', '2020-08-10', '2020-08-10'::timestamptz, now(), '00000000-0000-0000-0000-000000000001'),
  ('50000000-0001-0000-0000-000000000037', '20000000-0000-0000-0000-000000000001', 'c0000000-0000-0000-0000-000000000001', -398.20, 'BRL', 'Supermercado BIG', 'Mercado', 'DEBIT', '2020-08-15', '2020-08-15'::timestamptz, now(), '00000000-0000-0000-0000-000000000001'),
  ('50000000-0001-0000-0000-000000000038', '20000000-0000-0000-0000-000000000007', 'c0000000-0000-0000-0000-000000000006', -156.00, 'BRL', 'iFood', 'Delivery', 'DEBIT', '2020-08-22', '2020-08-22'::timestamptz, now(), '00000000-0000-0000-0000-000000000001'),
  ('50000000-0001-0000-0000-000000000039', '20000000-0000-0000-0000-000000000001', 'c0000000-0000-0000-0000-000000000009', 1500.00, 'BRL', 'Freelance site', 'Freelance', 'CREDIT', '2020-08-28', '2020-08-28'::timestamptz, now(), '00000000-0000-0000-0000-000000000001'),
  ('50000000-0001-0000-0000-000000000040', '20000000-0000-0000-0000-000000000001', 'c0000000-0000-0000-0000-000000000007', 8500.00, 'BRL', 'Salário Setembro', 'Salário', 'CREDIT', '2020-09-05', '2020-09-05'::timestamptz, now(), '00000000-0000-0000-0000-000000000001'),
  ('50000000-0001-0000-0000-000000000041', '20000000-0000-0000-0000-000000000001', 'c0000000-0000-0000-0000-000000000003', -2200.00, 'BRL', 'Aluguel Setembro', 'Aluguel', 'DEBIT', '2020-09-10', '2020-09-10'::timestamptz, now(), '00000000-0000-0000-0000-000000000001'),
  ('50000000-0001-0000-0000-000000000042', '20000000-0000-0000-0000-000000000002', 'c0000000-0000-0000-0000-000000000002', -198.00, 'BRL', 'Combustível Ipiranga', 'Gasolina', 'DEBIT', '2020-09-19', '2020-09-19'::timestamptz, now(), '00000000-0000-0000-0000-000000000001'),
  ('50000000-0001-0000-0000-000000000043', '20000000-0000-0000-0000-000000000001', 'c0000000-0000-0000-0000-000000000005', -89.90, 'BRL', 'Livro Amazon', 'Livro', 'DEBIT', '2020-09-25', '2020-09-25'::timestamptz, now(), '00000000-0000-0000-0000-000000000001'),
  ('50000000-0001-0000-0000-000000000044', '20000000-0000-0000-0000-000000000001', 'c0000000-0000-0000-0000-000000000007', 8500.00, 'BRL', 'Salário Outubro', 'Salário', 'CREDIT', '2020-10-05', '2020-10-05'::timestamptz, now(), '00000000-0000-0000-0000-000000000001'),
  ('50000000-0001-0000-0000-000000000045', '20000000-0000-0000-0000-000000000001', 'c0000000-0000-0000-0000-000000000003', -2200.00, 'BRL', 'Aluguel Outubro', 'Aluguel', 'DEBIT', '2020-10-10', '2020-10-10'::timestamptz, now(), '00000000-0000-0000-0000-000000000001'),
  ('50000000-0001-0000-0000-000000000046', '20000000-0000-0000-0000-000000000001', 'c0000000-0000-0000-0000-000000000001', -425.60, 'BRL', 'Supermercado Extra', 'Mercado', 'DEBIT', '2020-10-17', '2020-10-17'::timestamptz, now(), '00000000-0000-0000-0000-000000000001'),
  ('50000000-0001-0000-0000-000000000047', '20000000-0000-0000-0000-000000000001', 'c0000000-0000-0000-0000-00000000000a', -145.00, 'BRL', 'Conta telefone', 'Claro', 'DEBIT', '2020-10-22', '2020-10-22'::timestamptz, now(), '00000000-0000-0000-0000-000000000001'),
  ('50000000-0001-0000-0000-000000000048', '20000000-0000-0000-0000-000000000001', 'c0000000-0000-0000-0000-000000000007', 8500.00, 'BRL', 'Salário Novembro', 'Salário', 'CREDIT', '2020-11-05', '2020-11-05'::timestamptz, now(), '00000000-0000-0000-0000-000000000001'),
  ('50000000-0001-0000-0000-000000000049', '20000000-0000-0000-0000-000000000001', 'c0000000-0000-0000-0000-000000000003', -2200.00, 'BRL', 'Aluguel Novembro', 'Aluguel', 'DEBIT', '2020-11-10', '2020-11-10'::timestamptz, now(), '00000000-0000-0000-0000-000000000001'),
  ('50000000-0001-0000-0000-000000000050', '20000000-0000-0000-0000-000000000007', 'c0000000-0000-0000-0000-00000000000b', -890.00, 'BRL', 'Black Friday Magazine', 'Compras', 'DEBIT', '2020-11-27', '2020-11-27'::timestamptz, now(), '00000000-0000-0000-0000-000000000001'),
  ('50000000-0001-0000-0000-000000000051', '20000000-0000-0000-0000-000000000001', 'c0000000-0000-0000-0000-000000000007', 17000.00, 'BRL', 'Salário + 13º', 'Salário', 'CREDIT', '2020-12-05', '2020-12-05'::timestamptz, now(), '00000000-0000-0000-0000-000000000001'),
  ('50000000-0001-0000-0000-000000000052', '20000000-0000-0000-0000-000000000001', 'c0000000-0000-0000-0000-000000000003', -2200.00, 'BRL', 'Aluguel Dezembro', 'Aluguel', 'DEBIT', '2020-12-10', '2020-12-10'::timestamptz, now(), '00000000-0000-0000-0000-000000000001'),
  ('50000000-0001-0000-0000-000000000053', '20000000-0000-0000-0000-000000000007', 'c0000000-0000-0000-0000-000000000006', -1250.00, 'BRL', 'Presentes Natal', 'Natal', 'DEBIT', '2020-12-20', '2020-12-20'::timestamptz, now(), '00000000-0000-0000-0000-000000000001'),
  ('50000000-0001-0000-0000-000000000054', '20000000-0000-0000-0000-000000000006', 'c0000000-0000-0000-0000-000000000001', -85.00, 'BRL', 'Ceia Natal', 'Alimentação', 'DEBIT', '2020-12-24', '2020-12-24'::timestamptz, now(), '00000000-0000-0000-0000-000000000001');

-- ============================================================================
-- TRANSACTIONS 2021 (~75 transactions, ~1.5/week)
-- ============================================================================
INSERT INTO transactions (id, account_id, category_id, amount, currency, description, name, kind, transacted_date, created_at, updated_at, created_by) VALUES
  ('50000000-0002-0000-0000-000000000001', '20000000-0000-0000-0000-000000000001', 'c0000000-0000-0000-0000-000000000007', 9000.00, 'BRL', 'Salário Janeiro', 'Salário', 'CREDIT', '2021-01-05', '2021-01-05'::timestamptz, now(), '00000000-0000-0000-0000-000000000001'),
  ('50000000-0002-0000-0000-000000000002', '20000000-0000-0000-0000-000000000001', 'c0000000-0000-0000-0000-000000000003', -2300.00, 'BRL', 'Aluguel Janeiro', 'Aluguel', 'DEBIT', '2021-01-10', '2021-01-10'::timestamptz, now(), '00000000-0000-0000-0000-000000000001'),
  ('50000000-0002-0000-0000-000000000003', '20000000-0000-0000-0000-000000000001', 'c0000000-0000-0000-0000-000000000001', -398.70, 'BRL', 'Supermercado Extra', 'Mercado', 'DEBIT', '2021-01-14', '2021-01-14'::timestamptz, now(), '00000000-0000-0000-0000-000000000001'),
  ('50000000-0002-0000-0000-000000000004', '20000000-0000-0000-0000-000000000007', 'c0000000-0000-0000-0000-00000000000c', -39.90, 'BRL', 'Netflix', 'Assinatura', 'DEBIT', '2021-01-15', '2021-01-15'::timestamptz, now(), '00000000-0000-0000-0000-000000000001'),
  ('50000000-0002-0000-0000-000000000005', '20000000-0000-0000-0000-000000000002', 'c0000000-0000-0000-0000-000000000002', -215.00, 'BRL', 'Combustível Shell', 'Gasolina', 'DEBIT', '2021-01-22', '2021-01-22'::timestamptz, now(), '00000000-0000-0000-0000-000000000001'),
  ('50000000-0002-0000-0000-000000000006', '20000000-0000-0000-0000-000000000006', 'c0000000-0000-0000-0000-000000000001', -67.50, 'BRL', 'Feira orgânica', 'Feira', 'DEBIT', '2021-01-30', '2021-01-30'::timestamptz, now(), '00000000-0000-0000-0000-000000000001'),
  ('50000000-0002-0000-0000-000000000007', '20000000-0000-0000-0000-000000000001', 'c0000000-0000-0000-0000-000000000007', 9000.00, 'BRL', 'Salário Fevereiro', 'Salário', 'CREDIT', '2021-02-05', '2021-02-05'::timestamptz, now(), '00000000-0000-0000-0000-000000000001'),
  ('50000000-0002-0000-0000-000000000008', '20000000-0000-0000-0000-000000000001', 'c0000000-0000-0000-0000-000000000003', -2300.00, 'BRL', 'Aluguel Fevereiro', 'Aluguel', 'DEBIT', '2021-02-10', '2021-02-10'::timestamptz, now(), '00000000-0000-0000-0000-000000000001'),
  ('50000000-0002-0000-0000-000000000009', '20000000-0000-0000-0000-000000000007', 'c0000000-0000-0000-0000-000000000006', -450.00, 'BRL', 'Carnaval', 'Lazer', 'DEBIT', '2021-02-16', '2021-02-16'::timestamptz, now(), '00000000-0000-0000-0000-000000000001'),
  ('50000000-0002-0000-0000-000000000010', '20000000-0000-0000-0000-000000000001', 'c0000000-0000-0000-0000-00000000000a', -298.00, 'BRL', 'Conta luz', 'CPFL', 'DEBIT', '2021-02-20', '2021-02-20'::timestamptz, now(), '00000000-0000-0000-0000-000000000001'),
  ('50000000-0002-0000-0000-000000000011', '20000000-0000-0000-0000-000000000001', 'c0000000-0000-0000-0000-000000000001', -478.30, 'BRL', 'Supermercado Carrefour', 'Mercado', 'DEBIT', '2021-02-27', '2021-02-27'::timestamptz, now(), '00000000-0000-0000-0000-000000000001'),
  ('50000000-0002-0000-0000-000000000012', '20000000-0000-0000-0000-000000000001', 'c0000000-0000-0000-0000-000000000007', 9000.00, 'BRL', 'Salário Março', 'Salário', 'CREDIT', '2021-03-05', '2021-03-05'::timestamptz, now(), '00000000-0000-0000-0000-000000000001'),
  ('50000000-0002-0000-0000-000000000013', '20000000-0000-0000-0000-000000000001', 'c0000000-0000-0000-0000-000000000003', -2300.00, 'BRL', 'Aluguel Março', 'Aluguel', 'DEBIT', '2021-03-10', '2021-03-10'::timestamptz, now(), '00000000-0000-0000-0000-000000000001'),
  ('50000000-0002-0000-0000-000000000014', '20000000-0000-0000-0000-000000000003', 'c0000000-0000-0000-0000-000000000002', -245.00, 'BRL', 'Uber mensal', 'Transporte', 'DEBIT', '2021-03-15', '2021-03-15'::timestamptz, now(), '00000000-0000-0000-0000-000000000001'),
  ('50000000-0002-0000-0000-000000000015', '20000000-0000-0000-0000-000000000001', 'c0000000-0000-0000-0000-000000000005', -1200.00, 'BRL', 'Curso Udemy', 'Educação', 'DEBIT', '2021-03-18', '2021-03-18'::timestamptz, now(), '00000000-0000-0000-0000-000000000001'),
  ('50000000-0002-0000-0000-000000000016', '20000000-0000-0000-0000-000000000002', 'c0000000-0000-0000-0000-000000000002', -189.00, 'BRL', 'Combustível BR', 'Gasolina', 'DEBIT', '2021-03-25', '2021-03-25'::timestamptz, now(), '00000000-0000-0000-0000-000000000001'),
  ('50000000-0002-0000-0000-000000000017', '20000000-0000-0000-0000-000000000001', 'c0000000-0000-0000-0000-000000000007', 9000.00, 'BRL', 'Salário Abril', 'Salário', 'CREDIT', '2021-04-05', '2021-04-05'::timestamptz, now(), '00000000-0000-0000-0000-000000000001'),
  ('50000000-0002-0000-0000-000000000018', '20000000-0000-0000-0000-000000000001', 'c0000000-0000-0000-0000-000000000003', -2300.00, 'BRL', 'Aluguel Abril', 'Aluguel', 'DEBIT', '2021-04-10', '2021-04-10'::timestamptz, now(), '00000000-0000-0000-0000-000000000001'),
  ('50000000-0002-0000-0000-000000000019', '20000000-0000-0000-0000-000000000001', 'c0000000-0000-0000-0000-000000000001', -512.40, 'BRL', 'Supermercado BIG', 'Mercado', 'DEBIT', '2021-04-14', '2021-04-14'::timestamptz, now(), '00000000-0000-0000-0000-000000000001'),
  ('50000000-0002-0000-0000-000000000020', '20000000-0000-0000-0000-000000000007', 'c0000000-0000-0000-0000-00000000000c', -19.90, 'BRL', 'Spotify', 'Assinatura', 'DEBIT', '2021-04-15', '2021-04-15'::timestamptz, now(), '00000000-0000-0000-0000-000000000001'),
  ('50000000-0002-0000-0000-000000000021', '20000000-0000-0000-0000-000000000001', 'c0000000-0000-0000-0000-000000000004', -380.00, 'BRL', 'Consulta médica', 'Saúde', 'DEBIT', '2021-04-22', '2021-04-22'::timestamptz, now(), '00000000-0000-0000-0000-000000000001'),
  ('50000000-0002-0000-0000-000000000022', '20000000-0000-0000-0000-000000000006', 'c0000000-0000-0000-0000-000000000001', -48.00, 'BRL', 'Padaria', 'Lanche', 'DEBIT', '2021-04-28', '2021-04-28'::timestamptz, now(), '00000000-0000-0000-0000-000000000001'),
  ('50000000-0002-0000-0000-000000000023', '20000000-0000-0000-0000-000000000001', 'c0000000-0000-0000-0000-000000000007', 9000.00, 'BRL', 'Salário Maio', 'Salário', 'CREDIT', '2021-05-05', '2021-05-05'::timestamptz, now(), '00000000-0000-0000-0000-000000000001'),
  ('50000000-0002-0000-0000-000000000024', '20000000-0000-0000-0000-000000000001', 'c0000000-0000-0000-0000-000000000003', -2300.00, 'BRL', 'Aluguel Maio', 'Aluguel', 'DEBIT', '2021-05-10', '2021-05-10'::timestamptz, now(), '00000000-0000-0000-0000-000000000001'),
  ('50000000-0002-0000-0000-000000000025', '20000000-0000-0000-0000-000000000001', 'c0000000-0000-0000-0000-00000000000a', -189.00, 'BRL', 'Conta água', 'Sabesp', 'DEBIT', '2021-05-15', '2021-05-15'::timestamptz, now(), '00000000-0000-0000-0000-000000000001'),
  ('50000000-0002-0000-0000-000000000026', '20000000-0000-0000-0000-000000000002', 'c0000000-0000-0000-0000-000000000002', -235.00, 'BRL', 'Combustível Ipiranga', 'Gasolina', 'DEBIT', '2021-05-20', '2021-05-20'::timestamptz, now(), '00000000-0000-0000-0000-000000000001'),
  ('50000000-0002-0000-0000-000000000027', '20000000-0000-0000-0000-000000000001', 'c0000000-0000-0000-0000-000000000009', 2800.00, 'BRL', 'Freelance app', 'Freelance', 'CREDIT', '2021-05-25', '2021-05-25'::timestamptz, now(), '00000000-0000-0000-0000-000000000001'),
  ('50000000-0002-0000-0000-000000000028', '20000000-0000-0000-0000-000000000001', 'c0000000-0000-0000-0000-000000000001', -389.90, 'BRL', 'Supermercado Dia', 'Mercado', 'DEBIT', '2021-05-29', '2021-05-29'::timestamptz, now(), '00000000-0000-0000-0000-000000000001'),
  ('50000000-0002-0000-0000-000000000029', '20000000-0000-0000-0000-000000000001', 'c0000000-0000-0000-0000-000000000007', 9000.00, 'BRL', 'Salário Junho', 'Salário', 'CREDIT', '2021-06-05', '2021-06-05'::timestamptz, now(), '00000000-0000-0000-0000-000000000001'),
  ('50000000-0002-0000-0000-000000000030', '20000000-0000-0000-0000-000000000001', 'c0000000-0000-0000-0000-000000000003', -2300.00, 'BRL', 'Aluguel Junho', 'Aluguel', 'DEBIT', '2021-06-10', '2021-06-10'::timestamptz, now(), '00000000-0000-0000-0000-000000000001'),
  ('50000000-0002-0000-0000-000000000031', '20000000-0000-0000-0000-000000000007', 'c0000000-0000-0000-0000-00000000000b', -459.90, 'BRL', 'Magazine Luiza', 'Compras', 'DEBIT', '2021-06-14', '2021-06-14'::timestamptz, now(), '00000000-0000-0000-0000-000000000001'),
  ('50000000-0002-0000-0000-000000000032', '20000000-0000-0000-0000-000000000004', 'c0000000-0000-0000-0000-000000000008', 380.00, 'BRL', 'Rendimento poupança', 'Investimento', 'CREDIT', '2021-06-20', '2021-06-20'::timestamptz, now(), '00000000-0000-0000-0000-000000000001'),
  ('50000000-0002-0000-0000-000000000033', '20000000-0000-0000-0000-000000000001', 'c0000000-0000-0000-0000-000000000006', -289.00, 'BRL', 'Jantar especial', 'Lazer', 'DEBIT', '2021-06-26', '2021-06-26'::timestamptz, now(), '00000000-0000-0000-0000-000000000001'),
  ('50000000-0002-0000-0000-000000000034', '20000000-0000-0000-0000-000000000001', 'c0000000-0000-0000-0000-000000000007', 9000.00, 'BRL', 'Salário Julho', 'Salário', 'CREDIT', '2021-07-05', '2021-07-05'::timestamptz, now(), '00000000-0000-0000-0000-000000000001'),
  ('50000000-0002-0000-0000-000000000035', '20000000-0000-0000-0000-000000000001', 'c0000000-0000-0000-0000-000000000003', -2300.00, 'BRL', 'Aluguel Julho', 'Aluguel', 'DEBIT', '2021-07-10', '2021-07-10'::timestamptz, now(), '00000000-0000-0000-0000-000000000001'),
  ('50000000-0002-0000-0000-000000000036', '20000000-0000-0000-0000-000000000001', 'c0000000-0000-0000-0000-000000000001', -534.20, 'BRL', 'Supermercado Extra', 'Mercado', 'DEBIT', '2021-07-15', '2021-07-15'::timestamptz, now(), '00000000-0000-0000-0000-000000000001'),
  ('50000000-0002-0000-0000-000000000037', '20000000-0000-0000-0000-000000000002', 'c0000000-0000-0000-0000-000000000002', -268.00, 'BRL', 'Combustível Shell', 'Gasolina', 'DEBIT', '2021-07-21', '2021-07-21'::timestamptz, now(), '00000000-0000-0000-0000-000000000001'),
  ('50000000-0002-0000-0000-000000000038', '20000000-0000-0000-0000-000000000001', 'c0000000-0000-0000-0000-00000000000a', -312.00, 'BRL', 'Conta luz', 'CPFL', 'DEBIT', '2021-07-25', '2021-07-25'::timestamptz, now(), '00000000-0000-0000-0000-000000000001'),
  ('50000000-0002-0000-0000-000000000039', '20000000-0000-0000-0000-000000000006', 'c0000000-0000-0000-0000-000000000001', -72.00, 'BRL', 'Feira livre', 'Feira', 'DEBIT', '2021-07-31', '2021-07-31'::timestamptz, now(), '00000000-0000-0000-0000-000000000001'),
  ('50000000-0002-0000-0000-000000000040', '20000000-0000-0000-0000-000000000001', 'c0000000-0000-0000-0000-000000000007', 9000.00, 'BRL', 'Salário Agosto', 'Salário', 'CREDIT', '2021-08-05', '2021-08-05'::timestamptz, now(), '00000000-0000-0000-0000-000000000001'),
  ('50000000-0002-0000-0000-000000000041', '20000000-0000-0000-0000-000000000001', 'c0000000-0000-0000-0000-000000000003', -2300.00, 'BRL', 'Aluguel Agosto', 'Aluguel', 'DEBIT', '2021-08-10', '2021-08-10'::timestamptz, now(), '00000000-0000-0000-0000-000000000001'),
  ('50000000-0002-0000-0000-000000000042', '20000000-0000-0000-0000-000000000007', 'c0000000-0000-0000-0000-000000000006', -178.00, 'BRL', 'iFood', 'Delivery', 'DEBIT', '2021-08-14', '2021-08-14'::timestamptz, now(), '00000000-0000-0000-0000-000000000001'),
  ('50000000-0002-0000-0000-000000000043', '20000000-0000-0000-0000-000000000001', 'c0000000-0000-0000-0000-000000000004', -95.00, 'BRL', 'Farmácia', 'Remédios', 'DEBIT', '2021-08-20', '2021-08-20'::timestamptz, now(), '00000000-0000-0000-0000-000000000001'),
  ('50000000-0002-0000-0000-000000000044', '20000000-0000-0000-0000-000000000001', 'c0000000-0000-0000-0000-000000000005', -149.90, 'BRL', 'Livro Amazon', 'Educação', 'DEBIT', '2021-08-26', '2021-08-26'::timestamptz, now(), '00000000-0000-0000-0000-000000000001'),
  ('50000000-0002-0000-0000-000000000045', '20000000-0000-0000-0000-000000000001', 'c0000000-0000-0000-0000-000000000007', 9000.00, 'BRL', 'Salário Setembro', 'Salário', 'CREDIT', '2021-09-05', '2021-09-05'::timestamptz, now(), '00000000-0000-0000-0000-000000000001'),
  ('50000000-0002-0000-0000-000000000046', '20000000-0000-0000-0000-000000000001', 'c0000000-0000-0000-0000-000000000003', -2300.00, 'BRL', 'Aluguel Setembro', 'Aluguel', 'DEBIT', '2021-09-10', '2021-09-10'::timestamptz, now(), '00000000-0000-0000-0000-000000000001'),
  ('50000000-0002-0000-0000-000000000047', '20000000-0000-0000-0000-000000000001', 'c0000000-0000-0000-0000-000000000001', -489.30, 'BRL', 'Supermercado Carrefour', 'Mercado', 'DEBIT', '2021-09-14', '2021-09-14'::timestamptz, now(), '00000000-0000-0000-0000-000000000001'),
  ('50000000-0002-0000-0000-000000000048', '20000000-0000-0000-0000-000000000002', 'c0000000-0000-0000-0000-000000000002', -245.00, 'BRL', 'Combustível Ipiranga', 'Gasolina', 'DEBIT', '2021-09-18', '2021-09-18'::timestamptz, now(), '00000000-0000-0000-0000-000000000001'),
  ('50000000-0002-0000-0000-000000000049', '20000000-0000-0000-0000-000000000007', 'c0000000-0000-0000-0000-00000000000b', -329.90, 'BRL', 'Casas Bahia', 'Compras', 'DEBIT', '2021-09-25', '2021-09-25'::timestamptz, now(), '00000000-0000-0000-0000-000000000001'),
  ('50000000-0002-0000-0000-000000000050', '20000000-0000-0000-0000-000000000001', 'c0000000-0000-0000-0000-000000000007', 9000.00, 'BRL', 'Salário Outubro', 'Salário', 'CREDIT', '2021-10-05', '2021-10-05'::timestamptz, now(), '00000000-0000-0000-0000-000000000001'),
  ('50000000-0002-0000-0000-000000000051', '20000000-0000-0000-0000-000000000001', 'c0000000-0000-0000-0000-000000000003', -2300.00, 'BRL', 'Aluguel Outubro', 'Aluguel', 'DEBIT', '2021-10-10', '2021-10-10'::timestamptz, now(), '00000000-0000-0000-0000-000000000001'),
  ('50000000-0002-0000-0000-000000000052', '20000000-0000-0000-0000-000000000001', 'c0000000-0000-0000-0000-00000000000a', -135.00, 'BRL', 'Internet Vivo', 'Internet', 'DEBIT', '2021-10-15', '2021-10-15'::timestamptz, now(), '00000000-0000-0000-0000-000000000001'),
  ('50000000-0002-0000-0000-000000000053', '20000000-0000-0000-0000-000000000001', 'c0000000-0000-0000-0000-000000000006', -356.00, 'BRL', 'Cinema + jantar', 'Lazer', 'DEBIT', '2021-10-23', '2021-10-23'::timestamptz, now(), '00000000-0000-0000-0000-000000000001'),
  ('50000000-0002-0000-0000-000000000054', '20000000-0000-0000-0000-000000000001', 'c0000000-0000-0000-0000-000000000001', -567.80, 'BRL', 'Supermercado Pão de Açúcar', 'Mercado', 'DEBIT', '2021-10-30', '2021-10-30'::timestamptz, now(), '00000000-0000-0000-0000-000000000001'),
  ('50000000-0002-0000-0000-000000000055', '20000000-0000-0000-0000-000000000001', 'c0000000-0000-0000-0000-000000000007', 9000.00, 'BRL', 'Salário Novembro', 'Salário', 'CREDIT', '2021-11-05', '2021-11-05'::timestamptz, now(), '00000000-0000-0000-0000-000000000001'),
  ('50000000-0002-0000-0000-000000000056', '20000000-0000-0000-0000-000000000001', 'c0000000-0000-0000-0000-000000000003', -2300.00, 'BRL', 'Aluguel Novembro', 'Aluguel', 'DEBIT', '2021-11-10', '2021-11-10'::timestamptz, now(), '00000000-0000-0000-0000-000000000001'),
  ('50000000-0002-0000-0000-000000000057', '20000000-0000-0000-0000-000000000002', 'c0000000-0000-0000-0000-000000000002', -278.00, 'BRL', 'Combustível BR', 'Gasolina', 'DEBIT', '2021-11-15', '2021-11-15'::timestamptz, now(), '00000000-0000-0000-0000-000000000001'),
  ('50000000-0002-0000-0000-000000000058', '20000000-0000-0000-0000-000000000001', 'c0000000-0000-0000-0000-000000000009', 3500.00, 'BRL', 'Freelance sistema', 'Freelance', 'CREDIT', '2021-11-20', '2021-11-20'::timestamptz, now(), '00000000-0000-0000-0000-000000000001'),
  ('50000000-0002-0000-0000-000000000059', '20000000-0000-0000-0000-000000000007', 'c0000000-0000-0000-0000-00000000000b', -1450.00, 'BRL', 'Black Friday Amazon', 'Compras', 'DEBIT', '2021-11-26', '2021-11-26'::timestamptz, now(), '00000000-0000-0000-0000-000000000001'),
  ('50000000-0002-0000-0000-000000000060', '20000000-0000-0000-0000-000000000001', 'c0000000-0000-0000-0000-000000000007', 18000.00, 'BRL', 'Salário + 13º', 'Salário', 'CREDIT', '2021-12-05', '2021-12-05'::timestamptz, now(), '00000000-0000-0000-0000-000000000001'),
  ('50000000-0002-0000-0000-000000000061', '20000000-0000-0000-0000-000000000001', 'c0000000-0000-0000-0000-000000000003', -2300.00, 'BRL', 'Aluguel Dezembro', 'Aluguel', 'DEBIT', '2021-12-10', '2021-12-10'::timestamptz, now(), '00000000-0000-0000-0000-000000000001'),
  ('50000000-0002-0000-0000-000000000062', '20000000-0000-0000-0000-000000000001', 'c0000000-0000-0000-0000-000000000001', -612.50, 'BRL', 'Supermercado Extra', 'Mercado', 'DEBIT', '2021-12-15', '2021-12-15'::timestamptz, now(), '00000000-0000-0000-0000-000000000001'),
  ('50000000-0002-0000-0000-000000000063', '20000000-0000-0000-0000-000000000007', 'c0000000-0000-0000-0000-000000000006', -1890.00, 'BRL', 'Presentes Natal', 'Natal', 'DEBIT', '2021-12-20', '2021-12-20'::timestamptz, now(), '00000000-0000-0000-0000-000000000001'),
  ('50000000-0002-0000-0000-000000000064', '20000000-0000-0000-0000-000000000004', 'c0000000-0000-0000-0000-000000000008', 420.00, 'BRL', 'Rendimento poupança', 'Investimento', 'CREDIT', '2021-12-22', '2021-12-22'::timestamptz, now(), '00000000-0000-0000-0000-000000000001'),
  ('50000000-0002-0000-0000-000000000065', '20000000-0000-0000-0000-000000000006', 'c0000000-0000-0000-0000-000000000001', -156.00, 'BRL', 'Ceia reveillon', 'Alimentação', 'DEBIT', '2021-12-31', '2021-12-31'::timestamptz, now(), '00000000-0000-0000-0000-000000000001');

-- ============================================================================
-- TRANSACTIONS 2022 (~100 transactions, ~2/week)
-- ============================================================================
INSERT INTO transactions (id, account_id, category_id, amount, currency, description, name, kind, transacted_date, created_at, updated_at, created_by) VALUES
  ('50000000-0003-0000-0000-000000000001', '20000000-0000-0000-0000-000000000001', 'c0000000-0000-0000-0000-000000000007', 9500.00, 'BRL', 'Salário Janeiro', 'Salário', 'CREDIT', '2022-01-05', '2022-01-05'::timestamptz, now(), '00000000-0000-0000-0000-000000000001'),
  ('50000000-0003-0000-0000-000000000002', '20000000-0000-0000-0000-000000000001', 'c0000000-0000-0000-0000-000000000003', -2400.00, 'BRL', 'Aluguel Janeiro', 'Aluguel', 'DEBIT', '2022-01-10', '2022-01-10'::timestamptz, now(), '00000000-0000-0000-0000-000000000001'),
  ('50000000-0003-0000-0000-000000000003', '20000000-0000-0000-0000-000000000001', 'c0000000-0000-0000-0000-000000000001', -523.40, 'BRL', 'Supermercado Extra', 'Mercado', 'DEBIT', '2022-01-12', '2022-01-12'::timestamptz, now(), '00000000-0000-0000-0000-000000000001'),
  ('50000000-0003-0000-0000-000000000004', '20000000-0000-0000-0000-000000000007', 'c0000000-0000-0000-0000-00000000000c', -44.90, 'BRL', 'Netflix', 'Assinatura', 'DEBIT', '2022-01-15', '2022-01-15'::timestamptz, now(), '00000000-0000-0000-0000-000000000001'),
  ('50000000-0003-0000-0000-000000000005', '20000000-0000-0000-0000-000000000002', 'c0000000-0000-0000-0000-000000000002', -278.00, 'BRL', 'Combustível Shell', 'Gasolina', 'DEBIT', '2022-01-18', '2022-01-18'::timestamptz, now(), '00000000-0000-0000-0000-000000000001'),
  ('50000000-0003-0000-0000-000000000006', '20000000-0000-0000-0000-000000000008', 'c0000000-0000-0000-0000-000000000006', -189.00, 'BRL', 'iFood', 'Delivery', 'DEBIT', '2022-01-22', '2022-01-22'::timestamptz, now(), '00000000-0000-0000-0000-000000000001'),
  ('50000000-0003-0000-0000-000000000007', '20000000-0000-0000-0000-000000000001', 'c0000000-0000-0000-0000-00000000000a', -325.00, 'BRL', 'Conta luz', 'CPFL', 'DEBIT', '2022-01-25', '2022-01-25'::timestamptz, now(), '00000000-0000-0000-0000-000000000001'),
  ('50000000-0003-0000-0000-000000000008', '20000000-0000-0000-0000-000000000006', 'c0000000-0000-0000-0000-000000000001', -89.50, 'BRL', 'Feira orgânica', 'Feira', 'DEBIT', '2022-01-29', '2022-01-29'::timestamptz, now(), '00000000-0000-0000-0000-000000000001'),
  ('50000000-0003-0000-0000-000000000009', '20000000-0000-0000-0000-000000000001', 'c0000000-0000-0000-0000-000000000007', 9500.00, 'BRL', 'Salário Fevereiro', 'Salário', 'CREDIT', '2022-02-05', '2022-02-05'::timestamptz, now(), '00000000-0000-0000-0000-000000000001'),
  ('50000000-0003-0000-0000-000000000010', '20000000-0000-0000-0000-000000000001', 'c0000000-0000-0000-0000-000000000003', -2400.00, 'BRL', 'Aluguel Fevereiro', 'Aluguel', 'DEBIT', '2022-02-10', '2022-02-10'::timestamptz, now(), '00000000-0000-0000-0000-000000000001'),
  ('50000000-0003-0000-0000-000000000011', '20000000-0000-0000-0000-000000000001', 'c0000000-0000-0000-0000-000000000001', -478.90, 'BRL', 'Supermercado Carrefour', 'Mercado', 'DEBIT', '2022-02-14', '2022-02-14'::timestamptz, now(), '00000000-0000-0000-0000-000000000001'),
  ('50000000-0003-0000-0000-000000000012', '20000000-0000-0000-0000-000000000007', 'c0000000-0000-0000-0000-00000000000c', -21.90, 'BRL', 'Spotify', 'Assinatura', 'DEBIT', '2022-02-15', '2022-02-15'::timestamptz, now(), '00000000-0000-0000-0000-000000000001'),
  ('50000000-0003-0000-0000-000000000013', '20000000-0000-0000-0000-000000000003', 'c0000000-0000-0000-0000-000000000002', -312.00, 'BRL', 'Uber mensal', 'Transporte', 'DEBIT', '2022-02-18', '2022-02-18'::timestamptz, now(), '00000000-0000-0000-0000-000000000001'),
  ('50000000-0003-0000-0000-000000000014', '20000000-0000-0000-0000-000000000001', 'c0000000-0000-0000-0000-000000000004', -145.00, 'BRL', 'Farmácia Drogasil', 'Remédios', 'DEBIT', '2022-02-22', '2022-02-22'::timestamptz, now(), '00000000-0000-0000-0000-000000000001'),
  ('50000000-0003-0000-0000-000000000015', '20000000-0000-0000-0000-000000000007', 'c0000000-0000-0000-0000-000000000006', -890.00, 'BRL', 'Carnaval', 'Lazer', 'DEBIT', '2022-02-28', '2022-02-28'::timestamptz, now(), '00000000-0000-0000-0000-000000000001'),
  ('50000000-0003-0000-0000-000000000016', '20000000-0000-0000-0000-000000000001', 'c0000000-0000-0000-0000-000000000007', 9500.00, 'BRL', 'Salário Março', 'Salário', 'CREDIT', '2022-03-05', '2022-03-05'::timestamptz, now(), '00000000-0000-0000-0000-000000000001'),
  ('50000000-0003-0000-0000-000000000017', '20000000-0000-0000-0000-000000000001', 'c0000000-0000-0000-0000-000000000003', -2400.00, 'BRL', 'Aluguel Março', 'Aluguel', 'DEBIT', '2022-03-10', '2022-03-10'::timestamptz, now(), '00000000-0000-0000-0000-000000000001'),
  ('50000000-0003-0000-0000-000000000018', '20000000-0000-0000-0000-000000000001', 'c0000000-0000-0000-0000-000000000001', -589.30, 'BRL', 'Supermercado BIG', 'Mercado', 'DEBIT', '2022-03-12', '2022-03-12'::timestamptz, now(), '00000000-0000-0000-0000-000000000001'),
  ('50000000-0003-0000-0000-000000000019', '20000000-0000-0000-0000-000000000002', 'c0000000-0000-0000-0000-000000000002', -295.00, 'BRL', 'Combustível Ipiranga', 'Gasolina', 'DEBIT', '2022-03-16', '2022-03-16'::timestamptz, now(), '00000000-0000-0000-0000-000000000001'),
  ('50000000-0003-0000-0000-000000000020', '20000000-0000-0000-0000-000000000001', 'c0000000-0000-0000-0000-00000000000a', -198.00, 'BRL', 'Conta água', 'Sabesp', 'DEBIT', '2022-03-20', '2022-03-20'::timestamptz, now(), '00000000-0000-0000-0000-000000000001'),
  ('50000000-0003-0000-0000-000000000021', '20000000-0000-0000-0000-000000000001', 'c0000000-0000-0000-0000-000000000005', -890.00, 'BRL', 'Curso Alura', 'Educação', 'DEBIT', '2022-03-25', '2022-03-25'::timestamptz, now(), '00000000-0000-0000-0000-000000000001'),
  ('50000000-0003-0000-0000-000000000022', '20000000-0000-0000-0000-000000000006', 'c0000000-0000-0000-0000-000000000001', -67.00, 'BRL', 'Padaria', 'Lanche', 'DEBIT', '2022-03-30', '2022-03-30'::timestamptz, now(), '00000000-0000-0000-0000-000000000001'),
  ('50000000-0003-0000-0000-000000000023', '20000000-0000-0000-0000-000000000001', 'c0000000-0000-0000-0000-000000000007', 9500.00, 'BRL', 'Salário Abril', 'Salário', 'CREDIT', '2022-04-05', '2022-04-05'::timestamptz, now(), '00000000-0000-0000-0000-000000000001'),
  ('50000000-0003-0000-0000-000000000024', '20000000-0000-0000-0000-000000000001', 'c0000000-0000-0000-0000-000000000003', -2400.00, 'BRL', 'Aluguel Abril', 'Aluguel', 'DEBIT', '2022-04-10', '2022-04-10'::timestamptz, now(), '00000000-0000-0000-0000-000000000001'),
  ('50000000-0003-0000-0000-000000000025', '20000000-0000-0000-0000-000000000001', 'c0000000-0000-0000-0000-000000000001', -634.70, 'BRL', 'Supermercado Extra', 'Mercado', 'DEBIT', '2022-04-13', '2022-04-13'::timestamptz, now(), '00000000-0000-0000-0000-000000000001'),
  ('50000000-0003-0000-0000-000000000026', '20000000-0000-0000-0000-000000000008', 'c0000000-0000-0000-0000-00000000000b', -789.00, 'BRL', 'Amazon', 'Compras', 'DEBIT', '2022-04-16', '2022-04-16'::timestamptz, now(), '00000000-0000-0000-0000-000000000001'),
  ('50000000-0003-0000-0000-000000000027', '20000000-0000-0000-0000-000000000001', 'c0000000-0000-0000-0000-00000000000a', -345.00, 'BRL', 'Conta luz', 'CPFL', 'DEBIT', '2022-04-20', '2022-04-20'::timestamptz, now(), '00000000-0000-0000-0000-000000000001'),
  ('50000000-0003-0000-0000-000000000028', '20000000-0000-0000-0000-000000000002', 'c0000000-0000-0000-0000-000000000002', -267.00, 'BRL', 'Combustível BR', 'Gasolina', 'DEBIT', '2022-04-23', '2022-04-23'::timestamptz, now(), '00000000-0000-0000-0000-000000000001'),
  ('50000000-0003-0000-0000-000000000029', '20000000-0000-0000-0000-000000000001', 'c0000000-0000-0000-0000-000000000009', 4200.00, 'BRL', 'Freelance website', 'Freelance', 'CREDIT', '2022-04-28', '2022-04-28'::timestamptz, now(), '00000000-0000-0000-0000-000000000001'),
  ('50000000-0003-0000-0000-000000000030', '20000000-0000-0000-0000-000000000001', 'c0000000-0000-0000-0000-000000000007', 9500.00, 'BRL', 'Salário Maio', 'Salário', 'CREDIT', '2022-05-05', '2022-05-05'::timestamptz, now(), '00000000-0000-0000-0000-000000000001'),
  ('50000000-0003-0000-0000-000000000031', '20000000-0000-0000-0000-000000000001', 'c0000000-0000-0000-0000-000000000003', -2400.00, 'BRL', 'Aluguel Maio', 'Aluguel', 'DEBIT', '2022-05-10', '2022-05-10'::timestamptz, now(), '00000000-0000-0000-0000-000000000001'),
  ('50000000-0003-0000-0000-000000000032', '20000000-0000-0000-0000-000000000001', 'c0000000-0000-0000-0000-000000000001', -512.80, 'BRL', 'Supermercado Dia', 'Mercado', 'DEBIT', '2022-05-14', '2022-05-14'::timestamptz, now(), '00000000-0000-0000-0000-000000000001'),
  ('50000000-0003-0000-0000-000000000033', '20000000-0000-0000-0000-000000000007', 'c0000000-0000-0000-0000-000000000006', -234.00, 'BRL', 'iFood', 'Delivery', 'DEBIT', '2022-05-18', '2022-05-18'::timestamptz, now(), '00000000-0000-0000-0000-000000000001'),
  ('50000000-0003-0000-0000-000000000034', '20000000-0000-0000-0000-000000000004', 'c0000000-0000-0000-0000-000000000008', 512.00, 'BRL', 'Rendimento poupança', 'Investimento', 'CREDIT', '2022-05-20', '2022-05-20'::timestamptz, now(), '00000000-0000-0000-0000-000000000001'),
  ('50000000-0003-0000-0000-000000000035', '20000000-0000-0000-0000-000000000001', 'c0000000-0000-0000-0000-000000000004', -420.00, 'BRL', 'Consulta médica', 'Saúde', 'DEBIT', '2022-05-24', '2022-05-24'::timestamptz, now(), '00000000-0000-0000-0000-000000000001'),
  ('50000000-0003-0000-0000-000000000036', '20000000-0000-0000-0000-000000000006', 'c0000000-0000-0000-0000-000000000001', -95.00, 'BRL', 'Feira livre', 'Feira', 'DEBIT', '2022-05-28', '2022-05-28'::timestamptz, now(), '00000000-0000-0000-0000-000000000001'),
  ('50000000-0003-0000-0000-000000000037', '20000000-0000-0000-0000-000000000001', 'c0000000-0000-0000-0000-000000000007', 9500.00, 'BRL', 'Salário Junho', 'Salário', 'CREDIT', '2022-06-05', '2022-06-05'::timestamptz, now(), '00000000-0000-0000-0000-000000000001'),
  ('50000000-0003-0000-0000-000000000038', '20000000-0000-0000-0000-000000000001', 'c0000000-0000-0000-0000-000000000003', -2400.00, 'BRL', 'Aluguel Junho', 'Aluguel', 'DEBIT', '2022-06-10', '2022-06-10'::timestamptz, now(), '00000000-0000-0000-0000-000000000001'),
  ('50000000-0003-0000-0000-000000000039', '20000000-0000-0000-0000-000000000001', 'c0000000-0000-0000-0000-000000000001', -678.90, 'BRL', 'Supermercado Carrefour', 'Mercado', 'DEBIT', '2022-06-13', '2022-06-13'::timestamptz, now(), '00000000-0000-0000-0000-000000000001'),
  ('50000000-0003-0000-0000-000000000040', '20000000-0000-0000-0000-000000000002', 'c0000000-0000-0000-0000-000000000002', -312.00, 'BRL', 'Combustível Shell', 'Gasolina', 'DEBIT', '2022-06-17', '2022-06-17'::timestamptz, now(), '00000000-0000-0000-0000-000000000001'),
  ('50000000-0003-0000-0000-000000000041', '20000000-0000-0000-0000-000000000001', 'c0000000-0000-0000-0000-00000000000a', -156.00, 'BRL', 'Internet Vivo', 'Internet', 'DEBIT', '2022-06-20', '2022-06-20'::timestamptz, now(), '00000000-0000-0000-0000-000000000001'),
  ('50000000-0003-0000-0000-000000000042', '20000000-0000-0000-0000-000000000008', 'c0000000-0000-0000-0000-000000000006', -567.00, 'BRL', 'Viagem SP', 'Lazer', 'DEBIT', '2022-06-25', '2022-06-25'::timestamptz, now(), '00000000-0000-0000-0000-000000000001'),
  ('50000000-0003-0000-0000-000000000043', '20000000-0000-0000-0000-000000000001', 'c0000000-0000-0000-0000-000000000001', -234.50, 'BRL', 'Padaria', 'Lanche', 'DEBIT', '2022-06-29', '2022-06-29'::timestamptz, now(), '00000000-0000-0000-0000-000000000001'),
  ('50000000-0003-0000-0000-000000000044', '20000000-0000-0000-0000-000000000001', 'c0000000-0000-0000-0000-000000000007', 9500.00, 'BRL', 'Salário Julho', 'Salário', 'CREDIT', '2022-07-05', '2022-07-05'::timestamptz, now(), '00000000-0000-0000-0000-000000000001'),
  ('50000000-0003-0000-0000-000000000045', '20000000-0000-0000-0000-000000000001', 'c0000000-0000-0000-0000-000000000003', -2400.00, 'BRL', 'Aluguel Julho', 'Aluguel', 'DEBIT', '2022-07-10', '2022-07-10'::timestamptz, now(), '00000000-0000-0000-0000-000000000001'),
  ('50000000-0003-0000-0000-000000000046', '20000000-0000-0000-0000-000000000001', 'c0000000-0000-0000-0000-000000000001', -589.40, 'BRL', 'Supermercado BIG', 'Mercado', 'DEBIT', '2022-07-13', '2022-07-13'::timestamptz, now(), '00000000-0000-0000-0000-000000000001'),
  ('50000000-0003-0000-0000-000000000047', '20000000-0000-0000-0000-000000000007', 'c0000000-0000-0000-0000-00000000000c', -44.90, 'BRL', 'Netflix', 'Assinatura', 'DEBIT', '2022-07-15', '2022-07-15'::timestamptz, now(), '00000000-0000-0000-0000-000000000001'),
  ('50000000-0003-0000-0000-000000000048', '20000000-0000-0000-0000-000000000003', 'c0000000-0000-0000-0000-000000000002', -289.00, 'BRL', 'Uber mensal', 'Transporte', 'DEBIT', '2022-07-18', '2022-07-18'::timestamptz, now(), '00000000-0000-0000-0000-000000000001'),
  ('50000000-0003-0000-0000-000000000049', '20000000-0000-0000-0000-000000000001', 'c0000000-0000-0000-0000-00000000000a', -378.00, 'BRL', 'Conta luz', 'CPFL', 'DEBIT', '2022-07-22', '2022-07-22'::timestamptz, now(), '00000000-0000-0000-0000-000000000001'),
  ('50000000-0003-0000-0000-000000000050', '20000000-0000-0000-0000-000000000001', 'c0000000-0000-0000-0000-000000000005', -189.90, 'BRL', 'Livro Amazon', 'Educação', 'DEBIT', '2022-07-26', '2022-07-26'::timestamptz, now(), '00000000-0000-0000-0000-000000000001'),
  ('50000000-0003-0000-0000-000000000051', '20000000-0000-0000-0000-000000000006', 'c0000000-0000-0000-0000-000000000001', -78.00, 'BRL', 'Feira livre', 'Feira', 'DEBIT', '2022-07-30', '2022-07-30'::timestamptz, now(), '00000000-0000-0000-0000-000000000001'),
  ('50000000-0003-0000-0000-000000000052', '20000000-0000-0000-0000-000000000001', 'c0000000-0000-0000-0000-000000000007', 9500.00, 'BRL', 'Salário Agosto', 'Salário', 'CREDIT', '2022-08-05', '2022-08-05'::timestamptz, now(), '00000000-0000-0000-0000-000000000001'),
  ('50000000-0003-0000-0000-000000000053', '20000000-0000-0000-0000-000000000001', 'c0000000-0000-0000-0000-000000000003', -2400.00, 'BRL', 'Aluguel Agosto', 'Aluguel', 'DEBIT', '2022-08-10', '2022-08-10'::timestamptz, now(), '00000000-0000-0000-0000-000000000001'),
  ('50000000-0003-0000-0000-000000000054', '20000000-0000-0000-0000-000000000001', 'c0000000-0000-0000-0000-000000000001', -712.30, 'BRL', 'Supermercado Extra', 'Mercado', 'DEBIT', '2022-08-13', '2022-08-13'::timestamptz, now(), '00000000-0000-0000-0000-000000000001'),
  ('50000000-0003-0000-0000-000000000055', '20000000-0000-0000-0000-000000000002', 'c0000000-0000-0000-0000-000000000002', -334.00, 'BRL', 'Combustível Ipiranga', 'Gasolina', 'DEBIT', '2022-08-17', '2022-08-17'::timestamptz, now(), '00000000-0000-0000-0000-000000000001'),
  ('50000000-0003-0000-0000-000000000056', '20000000-0000-0000-0000-000000000008', 'c0000000-0000-0000-0000-00000000000b', -456.00, 'BRL', 'Magazine Luiza', 'Compras', 'DEBIT', '2022-08-20', '2022-08-20'::timestamptz, now(), '00000000-0000-0000-0000-000000000001'),
  ('50000000-0003-0000-0000-000000000057', '20000000-0000-0000-0000-000000000001', 'c0000000-0000-0000-0000-000000000004', -178.00, 'BRL', 'Farmácia', 'Remédios', 'DEBIT', '2022-08-24', '2022-08-24'::timestamptz, now(), '00000000-0000-0000-0000-000000000001'),
  ('50000000-0003-0000-0000-000000000058', '20000000-0000-0000-0000-000000000007', 'c0000000-0000-0000-0000-000000000006', -289.00, 'BRL', 'iFood', 'Delivery', 'DEBIT', '2022-08-28', '2022-08-28'::timestamptz, now(), '00000000-0000-0000-0000-000000000001'),
  ('50000000-0003-0000-0000-000000000059', '20000000-0000-0000-0000-000000000001', 'c0000000-0000-0000-0000-000000000007', 9500.00, 'BRL', 'Salário Setembro', 'Salário', 'CREDIT', '2022-09-05', '2022-09-05'::timestamptz, now(), '00000000-0000-0000-0000-000000000001'),
  ('50000000-0003-0000-0000-000000000060', '20000000-0000-0000-0000-000000000001', 'c0000000-0000-0000-0000-000000000003', -2400.00, 'BRL', 'Aluguel Setembro', 'Aluguel', 'DEBIT', '2022-09-10', '2022-09-10'::timestamptz, now(), '00000000-0000-0000-0000-000000000001'),
  ('50000000-0003-0000-0000-000000000061', '20000000-0000-0000-0000-000000000001', 'c0000000-0000-0000-0000-000000000001', -623.70, 'BRL', 'Supermercado Carrefour', 'Mercado', 'DEBIT', '2022-09-14', '2022-09-14'::timestamptz, now(), '00000000-0000-0000-0000-000000000001'),
  ('50000000-0003-0000-0000-000000000062', '20000000-0000-0000-0000-000000000001', 'c0000000-0000-0000-0000-00000000000a', -212.00, 'BRL', 'Conta água', 'Sabesp', 'DEBIT', '2022-09-18', '2022-09-18'::timestamptz, now(), '00000000-0000-0000-0000-000000000001'),
  ('50000000-0003-0000-0000-000000000063', '20000000-0000-0000-0000-000000000001', 'c0000000-0000-0000-0000-000000000009', 5600.00, 'BRL', 'Freelance app', 'Freelance', 'CREDIT', '2022-09-22', '2022-09-22'::timestamptz, now(), '00000000-0000-0000-0000-000000000001'),
  ('50000000-0003-0000-0000-000000000064', '20000000-0000-0000-0000-000000000002', 'c0000000-0000-0000-0000-000000000002', -298.00, 'BRL', 'Combustível BR', 'Gasolina', 'DEBIT', '2022-09-26', '2022-09-26'::timestamptz, now(), '00000000-0000-0000-0000-000000000001'),
  ('50000000-0003-0000-0000-000000000065', '20000000-0000-0000-0000-000000000006', 'c0000000-0000-0000-0000-000000000001', -89.00, 'BRL', 'Feira orgânica', 'Feira', 'DEBIT', '2022-09-30', '2022-09-30'::timestamptz, now(), '00000000-0000-0000-0000-000000000001'),
  ('50000000-0003-0000-0000-000000000066', '20000000-0000-0000-0000-000000000001', 'c0000000-0000-0000-0000-000000000007', 9500.00, 'BRL', 'Salário Outubro', 'Salário', 'CREDIT', '2022-10-05', '2022-10-05'::timestamptz, now(), '00000000-0000-0000-0000-000000000001'),
  ('50000000-0003-0000-0000-000000000067', '20000000-0000-0000-0000-000000000001', 'c0000000-0000-0000-0000-000000000003', -2400.00, 'BRL', 'Aluguel Outubro', 'Aluguel', 'DEBIT', '2022-10-10', '2022-10-10'::timestamptz, now(), '00000000-0000-0000-0000-000000000001'),
  ('50000000-0003-0000-0000-000000000068', '20000000-0000-0000-0000-000000000001', 'c0000000-0000-0000-0000-000000000001', -567.80, 'BRL', 'Supermercado Pão de Açúcar', 'Mercado', 'DEBIT', '2022-10-13', '2022-10-13'::timestamptz, now(), '00000000-0000-0000-0000-000000000001'),
  ('50000000-0003-0000-0000-000000000069', '20000000-0000-0000-0000-000000000007', 'c0000000-0000-0000-0000-00000000000c', -21.90, 'BRL', 'Spotify', 'Assinatura', 'DEBIT', '2022-10-15', '2022-10-15'::timestamptz, now(), '00000000-0000-0000-0000-000000000001'),
  ('50000000-0003-0000-0000-000000000070', '20000000-0000-0000-0000-000000000001', 'c0000000-0000-0000-0000-00000000000a', -167.00, 'BRL', 'Telefone Claro', 'Celular', 'DEBIT', '2022-10-18', '2022-10-18'::timestamptz, now(), '00000000-0000-0000-0000-000000000001'),
  ('50000000-0003-0000-0000-000000000071', '20000000-0000-0000-0000-000000000008', 'c0000000-0000-0000-0000-000000000006', -1234.00, 'BRL', 'Viagem RJ', 'Lazer', 'DEBIT', '2022-10-22', '2022-10-22'::timestamptz, now(), '00000000-0000-0000-0000-000000000001'),
  ('50000000-0003-0000-0000-000000000072', '20000000-0000-0000-0000-000000000001', 'c0000000-0000-0000-0000-000000000004', -245.00, 'BRL', 'Exames médicos', 'Saúde', 'DEBIT', '2022-10-26', '2022-10-26'::timestamptz, now(), '00000000-0000-0000-0000-000000000001'),
  ('50000000-0003-0000-0000-000000000073', '20000000-0000-0000-0000-000000000004', 'c0000000-0000-0000-0000-000000000008', 678.00, 'BRL', 'Rendimento poupança', 'Investimento', 'CREDIT', '2022-10-30', '2022-10-30'::timestamptz, now(), '00000000-0000-0000-0000-000000000001'),
  ('50000000-0003-0000-0000-000000000074', '20000000-0000-0000-0000-000000000001', 'c0000000-0000-0000-0000-000000000007', 9500.00, 'BRL', 'Salário Novembro', 'Salário', 'CREDIT', '2022-11-05', '2022-11-05'::timestamptz, now(), '00000000-0000-0000-0000-000000000001'),
  ('50000000-0003-0000-0000-000000000075', '20000000-0000-0000-0000-000000000001', 'c0000000-0000-0000-0000-000000000003', -2400.00, 'BRL', 'Aluguel Novembro', 'Aluguel', 'DEBIT', '2022-11-10', '2022-11-10'::timestamptz, now(), '00000000-0000-0000-0000-000000000001'),
  ('50000000-0003-0000-0000-000000000076', '20000000-0000-0000-0000-000000000001', 'c0000000-0000-0000-0000-000000000001', -698.40, 'BRL', 'Supermercado Extra', 'Mercado', 'DEBIT', '2022-11-14', '2022-11-14'::timestamptz, now(), '00000000-0000-0000-0000-000000000001'),
  ('50000000-0003-0000-0000-000000000077', '20000000-0000-0000-0000-000000000002', 'c0000000-0000-0000-0000-000000000002', -356.00, 'BRL', 'Combustível Shell', 'Gasolina', 'DEBIT', '2022-11-18', '2022-11-18'::timestamptz, now(), '00000000-0000-0000-0000-000000000001'),
  ('50000000-0003-0000-0000-000000000078', '20000000-0000-0000-0000-000000000001', 'c0000000-0000-0000-0000-00000000000a', -398.00, 'BRL', 'Conta luz', 'CPFL', 'DEBIT', '2022-11-22', '2022-11-22'::timestamptz, now(), '00000000-0000-0000-0000-000000000001'),
  ('50000000-0003-0000-0000-000000000079', '20000000-0000-0000-0000-000000000007', 'c0000000-0000-0000-0000-00000000000b', -2890.00, 'BRL', 'Black Friday Americanas', 'Compras', 'DEBIT', '2022-11-25', '2022-11-25'::timestamptz, now(), '00000000-0000-0000-0000-000000000001'),
  ('50000000-0003-0000-0000-000000000080', '20000000-0000-0000-0000-000000000006', 'c0000000-0000-0000-0000-000000000001', -112.00, 'BRL', 'Feira orgânica', 'Feira', 'DEBIT', '2022-11-29', '2022-11-29'::timestamptz, now(), '00000000-0000-0000-0000-000000000001'),
  ('50000000-0003-0000-0000-000000000081', '20000000-0000-0000-0000-000000000001', 'c0000000-0000-0000-0000-000000000007', 19000.00, 'BRL', 'Salário + 13º', 'Salário', 'CREDIT', '2022-12-05', '2022-12-05'::timestamptz, now(), '00000000-0000-0000-0000-000000000001'),
  ('50000000-0003-0000-0000-000000000082', '20000000-0000-0000-0000-000000000001', 'c0000000-0000-0000-0000-000000000003', -2400.00, 'BRL', 'Aluguel Dezembro', 'Aluguel', 'DEBIT', '2022-12-10', '2022-12-10'::timestamptz, now(), '00000000-0000-0000-0000-000000000001'),
  ('50000000-0003-0000-0000-000000000083', '20000000-0000-0000-0000-000000000001', 'c0000000-0000-0000-0000-000000000001', -789.30, 'BRL', 'Supermercado Carrefour', 'Mercado', 'DEBIT', '2022-12-14', '2022-12-14'::timestamptz, now(), '00000000-0000-0000-0000-000000000001'),
  ('50000000-0003-0000-0000-000000000084', '20000000-0000-0000-0000-000000000007', 'c0000000-0000-0000-0000-000000000006', -2456.00, 'BRL', 'Presentes Natal', 'Natal', 'DEBIT', '2022-12-18', '2022-12-18'::timestamptz, now(), '00000000-0000-0000-0000-000000000001'),
  ('50000000-0003-0000-0000-000000000085', '20000000-0000-0000-0000-000000000008', 'c0000000-0000-0000-0000-000000000006', -1890.00, 'BRL', 'Viagem Natal', 'Lazer', 'DEBIT', '2022-12-22', '2022-12-22'::timestamptz, now(), '00000000-0000-0000-0000-000000000001'),
  ('50000000-0003-0000-0000-000000000086', '20000000-0000-0000-0000-000000000006', 'c0000000-0000-0000-0000-000000000001', -234.00, 'BRL', 'Ceia Natal', 'Alimentação', 'DEBIT', '2022-12-24', '2022-12-24'::timestamptz, now(), '00000000-0000-0000-0000-000000000001'),
  ('50000000-0003-0000-0000-000000000087', '20000000-0000-0000-0000-000000000006', 'c0000000-0000-0000-0000-000000000001', -189.00, 'BRL', 'Ceia Reveillon', 'Alimentação', 'DEBIT', '2022-12-31', '2022-12-31'::timestamptz, now(), '00000000-0000-0000-0000-000000000001');

-- ============================================================================
-- TRANSACTIONS 2023 (~150 transactions, ~3/week)
-- ============================================================================
INSERT INTO transactions (id, account_id, category_id, amount, currency, description, name, kind, transacted_date, created_at, updated_at, created_by) VALUES
  ('50000000-0004-0000-0000-000000000001', '20000000-0000-0000-0000-000000000001', 'c0000000-0000-0000-0000-000000000007', 10000.00, 'BRL', 'Salário Janeiro', 'Salário', 'CREDIT', '2023-01-05', '2023-01-05'::timestamptz, now(), '00000000-0000-0000-0000-000000000001'),
  ('50000000-0004-0000-0000-000000000002', '20000000-0000-0000-0000-000000000001', 'c0000000-0000-0000-0000-000000000003', -2500.00, 'BRL', 'Aluguel Janeiro', 'Aluguel', 'DEBIT', '2023-01-10', '2023-01-10'::timestamptz, now(), '00000000-0000-0000-0000-000000000001'),
  ('50000000-0004-0000-0000-000000000003', '20000000-0000-0000-0000-000000000001', 'c0000000-0000-0000-0000-000000000001', -612.30, 'BRL', 'Supermercado Extra', 'Mercado', 'DEBIT', '2023-01-12', '2023-01-12'::timestamptz, now(), '00000000-0000-0000-0000-000000000001'),
  ('50000000-0004-0000-0000-000000000004', '20000000-0000-0000-0000-000000000007', 'c0000000-0000-0000-0000-00000000000c', -49.90, 'BRL', 'Netflix', 'Assinatura', 'DEBIT', '2023-01-15', '2023-01-15'::timestamptz, now(), '00000000-0000-0000-0000-000000000001'),
  ('50000000-0004-0000-0000-000000000005', '20000000-0000-0000-0000-000000000002', 'c0000000-0000-0000-0000-000000000002', -312.00, 'BRL', 'Combustível Shell', 'Gasolina', 'DEBIT', '2023-01-17', '2023-01-17'::timestamptz, now(), '00000000-0000-0000-0000-000000000001'),
  ('50000000-0004-0000-0000-000000000006', '20000000-0000-0000-0000-000000000008', 'c0000000-0000-0000-0000-000000000006', -234.50, 'BRL', 'iFood', 'Delivery', 'DEBIT', '2023-01-19', '2023-01-19'::timestamptz, now(), '00000000-0000-0000-0000-000000000001'),
  ('50000000-0004-0000-0000-000000000007', '20000000-0000-0000-0000-000000000001', 'c0000000-0000-0000-0000-00000000000a', -378.00, 'BRL', 'Conta luz', 'CPFL', 'DEBIT', '2023-01-22', '2023-01-22'::timestamptz, now(), '00000000-0000-0000-0000-000000000001'),
  ('50000000-0004-0000-0000-000000000008', '20000000-0000-0000-0000-000000000006', 'c0000000-0000-0000-0000-000000000001', -98.50, 'BRL', 'Feira orgânica', 'Feira', 'DEBIT', '2023-01-25', '2023-01-25'::timestamptz, now(), '00000000-0000-0000-0000-000000000001'),
  ('50000000-0004-0000-0000-000000000009', '20000000-0000-0000-0000-000000000001', 'c0000000-0000-0000-0000-000000000001', -145.00, 'BRL', 'Padaria', 'Lanche', 'DEBIT', '2023-01-28', '2023-01-28'::timestamptz, now(), '00000000-0000-0000-0000-000000000001'),
  ('50000000-0004-0000-0000-000000000010', '20000000-0000-0000-0000-000000000005', 'c0000000-0000-0000-0000-000000000008', 890.00, 'BRL', 'Rendimento poupança', 'Investimento', 'CREDIT', '2023-01-30', '2023-01-30'::timestamptz, now(), '00000000-0000-0000-0000-000000000001'),
  ('50000000-0004-0000-0000-000000000011', '20000000-0000-0000-0000-000000000001', 'c0000000-0000-0000-0000-000000000007', 10000.00, 'BRL', 'Salário Fevereiro', 'Salário', 'CREDIT', '2023-02-05', '2023-02-05'::timestamptz, now(), '00000000-0000-0000-0000-000000000001'),
  ('50000000-0004-0000-0000-000000000012', '20000000-0000-0000-0000-000000000001', 'c0000000-0000-0000-0000-000000000003', -2500.00, 'BRL', 'Aluguel Fevereiro', 'Aluguel', 'DEBIT', '2023-02-10', '2023-02-10'::timestamptz, now(), '00000000-0000-0000-0000-000000000001'),
  ('50000000-0004-0000-0000-000000000013', '20000000-0000-0000-0000-000000000001', 'c0000000-0000-0000-0000-000000000001', -567.80, 'BRL', 'Supermercado Carrefour', 'Mercado', 'DEBIT', '2023-02-13', '2023-02-13'::timestamptz, now(), '00000000-0000-0000-0000-000000000001'),
  ('50000000-0004-0000-0000-000000000014', '20000000-0000-0000-0000-000000000007', 'c0000000-0000-0000-0000-00000000000c', -24.90, 'BRL', 'Spotify', 'Assinatura', 'DEBIT', '2023-02-15', '2023-02-15'::timestamptz, now(), '00000000-0000-0000-0000-000000000001'),
  ('50000000-0004-0000-0000-000000000015', '20000000-0000-0000-0000-000000000003', 'c0000000-0000-0000-0000-000000000002', -356.00, 'BRL', 'Uber mensal', 'Transporte', 'DEBIT', '2023-02-17', '2023-02-17'::timestamptz, now(), '00000000-0000-0000-0000-000000000001'),
  ('50000000-0004-0000-0000-000000000016', '20000000-0000-0000-0000-000000000007', 'c0000000-0000-0000-0000-000000000006', -1890.00, 'BRL', 'Carnaval', 'Lazer', 'DEBIT', '2023-02-21', '2023-02-21'::timestamptz, now(), '00000000-0000-0000-0000-000000000001'),
  ('50000000-0004-0000-0000-000000000017', '20000000-0000-0000-0000-000000000001', 'c0000000-0000-0000-0000-000000000004', -189.00, 'BRL', 'Farmácia', 'Remédios', 'DEBIT', '2023-02-24', '2023-02-24'::timestamptz, now(), '00000000-0000-0000-0000-000000000001'),
  ('50000000-0004-0000-0000-000000000018', '20000000-0000-0000-0000-000000000006', 'c0000000-0000-0000-0000-000000000001', -78.00, 'BRL', 'Feira livre', 'Feira', 'DEBIT', '2023-02-28', '2023-02-28'::timestamptz, now(), '00000000-0000-0000-0000-000000000001'),
  ('50000000-0004-0000-0000-000000000019', '20000000-0000-0000-0000-000000000001', 'c0000000-0000-0000-0000-000000000007', 10000.00, 'BRL', 'Salário Março', 'Salário', 'CREDIT', '2023-03-05', '2023-03-05'::timestamptz, now(), '00000000-0000-0000-0000-000000000001'),
  ('50000000-0004-0000-0000-000000000020', '20000000-0000-0000-0000-000000000001', 'c0000000-0000-0000-0000-000000000003', -2500.00, 'BRL', 'Aluguel Março', 'Aluguel', 'DEBIT', '2023-03-10', '2023-03-10'::timestamptz, now(), '00000000-0000-0000-0000-000000000001'),
  ('50000000-0004-0000-0000-000000000021', '20000000-0000-0000-0000-000000000001', 'c0000000-0000-0000-0000-000000000001', -698.40, 'BRL', 'Supermercado BIG', 'Mercado', 'DEBIT', '2023-03-12', '2023-03-12'::timestamptz, now(), '00000000-0000-0000-0000-000000000001'),
  ('50000000-0004-0000-0000-000000000022', '20000000-0000-0000-0000-000000000002', 'c0000000-0000-0000-0000-000000000002', -345.00, 'BRL', 'Combustível Ipiranga', 'Gasolina', 'DEBIT', '2023-03-15', '2023-03-15'::timestamptz, now(), '00000000-0000-0000-0000-000000000001'),
  ('50000000-0004-0000-0000-000000000023', '20000000-0000-0000-0000-000000000001', 'c0000000-0000-0000-0000-00000000000a', -223.00, 'BRL', 'Conta água', 'Sabesp', 'DEBIT', '2023-03-18', '2023-03-18'::timestamptz, now(), '00000000-0000-0000-0000-000000000001'),
  ('50000000-0004-0000-0000-000000000024', '20000000-0000-0000-0000-000000000001', 'c0000000-0000-0000-0000-000000000005', -1290.00, 'BRL', 'Curso Alura', 'Educação', 'DEBIT', '2023-03-21', '2023-03-21'::timestamptz, now(), '00000000-0000-0000-0000-000000000001'),
  ('50000000-0004-0000-0000-000000000025', '20000000-0000-0000-0000-000000000008', 'c0000000-0000-0000-0000-00000000000b', -567.00, 'BRL', 'Amazon', 'Compras', 'DEBIT', '2023-03-24', '2023-03-24'::timestamptz, now(), '00000000-0000-0000-0000-000000000001'),
  ('50000000-0004-0000-0000-000000000026', '20000000-0000-0000-0000-000000000001', 'c0000000-0000-0000-0000-000000000009', 3800.00, 'BRL', 'Freelance consultoria', 'Freelance', 'CREDIT', '2023-03-28', '2023-03-28'::timestamptz, now(), '00000000-0000-0000-0000-000000000001'),
  ('50000000-0004-0000-0000-000000000027', '20000000-0000-0000-0000-000000000006', 'c0000000-0000-0000-0000-000000000001', -112.00, 'BRL', 'Padaria', 'Lanche', 'DEBIT', '2023-03-31', '2023-03-31'::timestamptz, now(), '00000000-0000-0000-0000-000000000001'),
  ('50000000-0004-0000-0000-000000000028', '20000000-0000-0000-0000-000000000001', 'c0000000-0000-0000-0000-000000000007', 10000.00, 'BRL', 'Salário Abril', 'Salário', 'CREDIT', '2023-04-05', '2023-04-05'::timestamptz, now(), '00000000-0000-0000-0000-000000000001'),
  ('50000000-0004-0000-0000-000000000029', '20000000-0000-0000-0000-000000000001', 'c0000000-0000-0000-0000-000000000003', -2500.00, 'BRL', 'Aluguel Abril', 'Aluguel', 'DEBIT', '2023-04-10', '2023-04-10'::timestamptz, now(), '00000000-0000-0000-0000-000000000001'),
  ('50000000-0004-0000-0000-000000000030', '20000000-0000-0000-0000-000000000001', 'c0000000-0000-0000-0000-000000000001', -734.20, 'BRL', 'Supermercado Extra', 'Mercado', 'DEBIT', '2023-04-12', '2023-04-12'::timestamptz, now(), '00000000-0000-0000-0000-000000000001'),
  ('50000000-0004-0000-0000-000000000031', '20000000-0000-0000-0000-000000000007', 'c0000000-0000-0000-0000-00000000000c', -49.90, 'BRL', 'Netflix', 'Assinatura', 'DEBIT', '2023-04-15', '2023-04-15'::timestamptz, now(), '00000000-0000-0000-0000-000000000001'),
  ('50000000-0004-0000-0000-000000000032', '20000000-0000-0000-0000-000000000002', 'c0000000-0000-0000-0000-000000000002', -298.00, 'BRL', 'Combustível BR', 'Gasolina', 'DEBIT', '2023-04-17', '2023-04-17'::timestamptz, now(), '00000000-0000-0000-0000-000000000001'),
  ('50000000-0004-0000-0000-000000000033', '20000000-0000-0000-0000-000000000001', 'c0000000-0000-0000-0000-00000000000a', -412.00, 'BRL', 'Conta luz', 'CPFL', 'DEBIT', '2023-04-20', '2023-04-20'::timestamptz, now(), '00000000-0000-0000-0000-000000000001'),
  ('50000000-0004-0000-0000-000000000034', '20000000-0000-0000-0000-000000000008', 'c0000000-0000-0000-0000-000000000006', -289.00, 'BRL', 'iFood', 'Delivery', 'DEBIT', '2023-04-22', '2023-04-22'::timestamptz, now(), '00000000-0000-0000-0000-000000000001'),
  ('50000000-0004-0000-0000-000000000035', '20000000-0000-0000-0000-000000000001', 'c0000000-0000-0000-0000-000000000004', -520.00, 'BRL', 'Consulta médica', 'Saúde', 'DEBIT', '2023-04-25', '2023-04-25'::timestamptz, now(), '00000000-0000-0000-0000-000000000001'),
  ('50000000-0004-0000-0000-000000000036', '20000000-0000-0000-0000-000000000006', 'c0000000-0000-0000-0000-000000000001', -134.00, 'BRL', 'Feira orgânica', 'Feira', 'DEBIT', '2023-04-29', '2023-04-29'::timestamptz, now(), '00000000-0000-0000-0000-000000000001'),
  ('50000000-0004-0000-0000-000000000037', '20000000-0000-0000-0000-000000000001', 'c0000000-0000-0000-0000-000000000007', 10000.00, 'BRL', 'Salário Maio', 'Salário', 'CREDIT', '2023-05-05', '2023-05-05'::timestamptz, now(), '00000000-0000-0000-0000-000000000001'),
  ('50000000-0004-0000-0000-000000000038', '20000000-0000-0000-0000-000000000001', 'c0000000-0000-0000-0000-000000000003', -2500.00, 'BRL', 'Aluguel Maio', 'Aluguel', 'DEBIT', '2023-05-10', '2023-05-10'::timestamptz, now(), '00000000-0000-0000-0000-000000000001'),
  ('50000000-0004-0000-0000-000000000039', '20000000-0000-0000-0000-000000000001', 'c0000000-0000-0000-0000-000000000001', -623.80, 'BRL', 'Supermercado Dia', 'Mercado', 'DEBIT', '2023-05-13', '2023-05-13'::timestamptz, now(), '00000000-0000-0000-0000-000000000001'),
  ('50000000-0004-0000-0000-000000000040', '20000000-0000-0000-0000-000000000003', 'c0000000-0000-0000-0000-000000000002', -378.00, 'BRL', 'Uber mensal', 'Transporte', 'DEBIT', '2023-05-16', '2023-05-16'::timestamptz, now(), '00000000-0000-0000-0000-000000000001'),
  ('50000000-0004-0000-0000-000000000041', '20000000-0000-0000-0000-000000000005', 'c0000000-0000-0000-0000-000000000008', 1120.00, 'BRL', 'Rendimento CDB', 'Investimento', 'CREDIT', '2023-05-20', '2023-05-20'::timestamptz, now(), '00000000-0000-0000-0000-000000000001'),
  ('50000000-0004-0000-0000-000000000042', '20000000-0000-0000-0000-000000000007', 'c0000000-0000-0000-0000-00000000000b', -890.00, 'BRL', 'Magazine Luiza', 'Compras', 'DEBIT', '2023-05-23', '2023-05-23'::timestamptz, now(), '00000000-0000-0000-0000-000000000001'),
  ('50000000-0004-0000-0000-000000000043', '20000000-0000-0000-0000-000000000001', 'c0000000-0000-0000-0000-00000000000a', -178.00, 'BRL', 'Internet Vivo', 'Internet', 'DEBIT', '2023-05-26', '2023-05-26'::timestamptz, now(), '00000000-0000-0000-0000-000000000001'),
  ('50000000-0004-0000-0000-000000000044', '20000000-0000-0000-0000-000000000006', 'c0000000-0000-0000-0000-000000000001', -89.00, 'BRL', 'Feira livre', 'Feira', 'DEBIT', '2023-05-30', '2023-05-30'::timestamptz, now(), '00000000-0000-0000-0000-000000000001'),
  ('50000000-0004-0000-0000-000000000045', '20000000-0000-0000-0000-000000000001', 'c0000000-0000-0000-0000-000000000007', 10000.00, 'BRL', 'Salário Junho', 'Salário', 'CREDIT', '2023-06-05', '2023-06-05'::timestamptz, now(), '00000000-0000-0000-0000-000000000001'),
  ('50000000-0004-0000-0000-000000000046', '20000000-0000-0000-0000-000000000001', 'c0000000-0000-0000-0000-000000000003', -2500.00, 'BRL', 'Aluguel Junho', 'Aluguel', 'DEBIT', '2023-06-10', '2023-06-10'::timestamptz, now(), '00000000-0000-0000-0000-000000000001'),
  ('50000000-0004-0000-0000-000000000047', '20000000-0000-0000-0000-000000000001', 'c0000000-0000-0000-0000-000000000001', -789.40, 'BRL', 'Supermercado Carrefour', 'Mercado', 'DEBIT', '2023-06-12', '2023-06-12'::timestamptz, now(), '00000000-0000-0000-0000-000000000001'),
  ('50000000-0004-0000-0000-000000000048', '20000000-0000-0000-0000-000000000007', 'c0000000-0000-0000-0000-00000000000c', -24.90, 'BRL', 'Spotify', 'Assinatura', 'DEBIT', '2023-06-15', '2023-06-15'::timestamptz, now(), '00000000-0000-0000-0000-000000000001'),
  ('50000000-0004-0000-0000-000000000049', '20000000-0000-0000-0000-000000000002', 'c0000000-0000-0000-0000-000000000002', -367.00, 'BRL', 'Combustível Shell', 'Gasolina', 'DEBIT', '2023-06-17', '2023-06-17'::timestamptz, now(), '00000000-0000-0000-0000-000000000001'),
  ('50000000-0004-0000-0000-000000000050', '20000000-0000-0000-0000-000000000001', 'c0000000-0000-0000-0000-000000000009', 5200.00, 'BRL', 'Freelance app', 'Freelance', 'CREDIT', '2023-06-20', '2023-06-20'::timestamptz, now(), '00000000-0000-0000-0000-000000000001'),
  ('50000000-0004-0000-0000-000000000051', '20000000-0000-0000-0000-000000000008', 'c0000000-0000-0000-0000-000000000006', -1567.00, 'BRL', 'Viagem São Paulo', 'Lazer', 'DEBIT', '2023-06-24', '2023-06-24'::timestamptz, now(), '00000000-0000-0000-0000-000000000001'),
  ('50000000-0004-0000-0000-000000000052', '20000000-0000-0000-0000-000000000001', 'c0000000-0000-0000-0000-000000000005', -234.90, 'BRL', 'Livro Amazon', 'Educação', 'DEBIT', '2023-06-27', '2023-06-27'::timestamptz, now(), '00000000-0000-0000-0000-000000000001'),
  ('50000000-0004-0000-0000-000000000053', '20000000-0000-0000-0000-000000000006', 'c0000000-0000-0000-0000-000000000001', -156.00, 'BRL', 'Padaria', 'Lanche', 'DEBIT', '2023-06-30', '2023-06-30'::timestamptz, now(), '00000000-0000-0000-0000-000000000001'),
  ('50000000-0004-0000-0000-000000000054', '20000000-0000-0000-0000-000000000001', 'c0000000-0000-0000-0000-000000000007', 10000.00, 'BRL', 'Salário Julho', 'Salário', 'CREDIT', '2023-07-05', '2023-07-05'::timestamptz, now(), '00000000-0000-0000-0000-000000000001'),
  ('50000000-0004-0000-0000-000000000055', '20000000-0000-0000-0000-000000000001', 'c0000000-0000-0000-0000-000000000003', -2500.00, 'BRL', 'Aluguel Julho', 'Aluguel', 'DEBIT', '2023-07-10', '2023-07-10'::timestamptz, now(), '00000000-0000-0000-0000-000000000001'),
  ('50000000-0004-0000-0000-000000000056', '20000000-0000-0000-0000-000000000001', 'c0000000-0000-0000-0000-000000000001', -856.30, 'BRL', 'Supermercado BIG', 'Mercado', 'DEBIT', '2023-07-12', '2023-07-12'::timestamptz, now(), '00000000-0000-0000-0000-000000000001'),
  ('50000000-0004-0000-0000-000000000057', '20000000-0000-0000-0000-000000000007', 'c0000000-0000-0000-0000-00000000000c', -49.90, 'BRL', 'Netflix', 'Assinatura', 'DEBIT', '2023-07-15', '2023-07-15'::timestamptz, now(), '00000000-0000-0000-0000-000000000001'),
  ('50000000-0004-0000-0000-000000000058', '20000000-0000-0000-0000-000000000003', 'c0000000-0000-0000-0000-000000000002', -398.00, 'BRL', 'Uber mensal', 'Transporte', 'DEBIT', '2023-07-17', '2023-07-17'::timestamptz, now(), '00000000-0000-0000-0000-000000000001'),
  ('50000000-0004-0000-0000-000000000059', '20000000-0000-0000-0000-000000000001', 'c0000000-0000-0000-0000-00000000000a', -456.00, 'BRL', 'Conta luz', 'CPFL', 'DEBIT', '2023-07-20', '2023-07-20'::timestamptz, now(), '00000000-0000-0000-0000-000000000001'),
  ('50000000-0004-0000-0000-000000000060', '20000000-0000-0000-0000-000000000008', 'c0000000-0000-0000-0000-000000000006', -345.00, 'BRL', 'iFood', 'Delivery', 'DEBIT', '2023-07-22', '2023-07-22'::timestamptz, now(), '00000000-0000-0000-0000-000000000001'),
  ('50000000-0004-0000-0000-000000000061', '20000000-0000-0000-0000-000000000001', 'c0000000-0000-0000-0000-000000000004', -234.00, 'BRL', 'Farmácia', 'Remédios', 'DEBIT', '2023-07-25', '2023-07-25'::timestamptz, now(), '00000000-0000-0000-0000-000000000001'),
  ('50000000-0004-0000-0000-000000000062', '20000000-0000-0000-0000-000000000002', 'c0000000-0000-0000-0000-000000000002', -389.00, 'BRL', 'Combustível Ipiranga', 'Gasolina', 'DEBIT', '2023-07-28', '2023-07-28'::timestamptz, now(), '00000000-0000-0000-0000-000000000001'),
  ('50000000-0004-0000-0000-000000000063', '20000000-0000-0000-0000-000000000006', 'c0000000-0000-0000-0000-000000000001', -123.00, 'BRL', 'Feira orgânica', 'Feira', 'DEBIT', '2023-07-31', '2023-07-31'::timestamptz, now(), '00000000-0000-0000-0000-000000000001'),
  ('50000000-0004-0000-0000-000000000064', '20000000-0000-0000-0000-000000000001', 'c0000000-0000-0000-0000-000000000007', 10000.00, 'BRL', 'Salário Agosto', 'Salário', 'CREDIT', '2023-08-05', '2023-08-05'::timestamptz, now(), '00000000-0000-0000-0000-000000000001'),
  ('50000000-0004-0000-0000-000000000065', '20000000-0000-0000-0000-000000000001', 'c0000000-0000-0000-0000-000000000003', -2500.00, 'BRL', 'Aluguel Agosto', 'Aluguel', 'DEBIT', '2023-08-10', '2023-08-10'::timestamptz, now(), '00000000-0000-0000-0000-000000000001'),
  ('50000000-0004-0000-0000-000000000066', '20000000-0000-0000-0000-000000000001', 'c0000000-0000-0000-0000-000000000001', -912.50, 'BRL', 'Supermercado Extra', 'Mercado', 'DEBIT', '2023-08-12', '2023-08-12'::timestamptz, now(), '00000000-0000-0000-0000-000000000001'),
  ('50000000-0004-0000-0000-000000000067', '20000000-0000-0000-0000-000000000007', 'c0000000-0000-0000-0000-00000000000b', -1234.00, 'BRL', 'Casas Bahia', 'Compras', 'DEBIT', '2023-08-15', '2023-08-15'::timestamptz, now(), '00000000-0000-0000-0000-000000000001'),
  ('50000000-0004-0000-0000-000000000068', '20000000-0000-0000-0000-000000000001', 'c0000000-0000-0000-0000-00000000000a', -245.00, 'BRL', 'Conta água', 'Sabesp', 'DEBIT', '2023-08-18', '2023-08-18'::timestamptz, now(), '00000000-0000-0000-0000-000000000001'),
  ('50000000-0004-0000-0000-000000000069', '20000000-0000-0000-0000-000000000005', 'c0000000-0000-0000-0000-000000000008', 1450.00, 'BRL', 'Dividendos', 'Investimento', 'CREDIT', '2023-08-20', '2023-08-20'::timestamptz, now(), '00000000-0000-0000-0000-000000000001'),
  ('50000000-0004-0000-0000-000000000070', '20000000-0000-0000-0000-000000000002', 'c0000000-0000-0000-0000-000000000002', -412.00, 'BRL', 'Combustível BR', 'Gasolina', 'DEBIT', '2023-08-23', '2023-08-23'::timestamptz, now(), '00000000-0000-0000-0000-000000000001'),
  ('50000000-0004-0000-0000-000000000071', '20000000-0000-0000-0000-000000000008', 'c0000000-0000-0000-0000-000000000006', -267.00, 'BRL', 'iFood', 'Delivery', 'DEBIT', '2023-08-26', '2023-08-26'::timestamptz, now(), '00000000-0000-0000-0000-000000000001'),
  ('50000000-0004-0000-0000-000000000072', '20000000-0000-0000-0000-000000000006', 'c0000000-0000-0000-0000-000000000001', -98.00, 'BRL', 'Feira livre', 'Feira', 'DEBIT', '2023-08-30', '2023-08-30'::timestamptz, now(), '00000000-0000-0000-0000-000000000001'),
  ('50000000-0004-0000-0000-000000000073', '20000000-0000-0000-0000-000000000001', 'c0000000-0000-0000-0000-000000000007', 10000.00, 'BRL', 'Salário Setembro', 'Salário', 'CREDIT', '2023-09-05', '2023-09-05'::timestamptz, now(), '00000000-0000-0000-0000-000000000001'),
  ('50000000-0004-0000-0000-000000000074', '20000000-0000-0000-0000-000000000001', 'c0000000-0000-0000-0000-000000000003', -2500.00, 'BRL', 'Aluguel Setembro', 'Aluguel', 'DEBIT', '2023-09-10', '2023-09-10'::timestamptz, now(), '00000000-0000-0000-0000-000000000001'),
  ('50000000-0004-0000-0000-000000000075', '20000000-0000-0000-0000-000000000001', 'c0000000-0000-0000-0000-000000000001', -845.70, 'BRL', 'Supermercado Carrefour', 'Mercado', 'DEBIT', '2023-09-12', '2023-09-12'::timestamptz, now(), '00000000-0000-0000-0000-000000000001'),
  ('50000000-0004-0000-0000-000000000076', '20000000-0000-0000-0000-000000000007', 'c0000000-0000-0000-0000-00000000000c', -24.90, 'BRL', 'Spotify', 'Assinatura', 'DEBIT', '2023-09-15', '2023-09-15'::timestamptz, now(), '00000000-0000-0000-0000-000000000001'),
  ('50000000-0004-0000-0000-000000000077', '20000000-0000-0000-0000-000000000003', 'c0000000-0000-0000-0000-000000000002', -423.00, 'BRL', 'Uber mensal', 'Transporte', 'DEBIT', '2023-09-17', '2023-09-17'::timestamptz, now(), '00000000-0000-0000-0000-000000000001'),
  ('50000000-0004-0000-0000-000000000078', '20000000-0000-0000-0000-000000000001', 'c0000000-0000-0000-0000-000000000009', 6800.00, 'BRL', 'Freelance sistema', 'Freelance', 'CREDIT', '2023-09-20', '2023-09-20'::timestamptz, now(), '00000000-0000-0000-0000-000000000001'),
  ('50000000-0004-0000-0000-000000000079', '20000000-0000-0000-0000-000000000001', 'c0000000-0000-0000-0000-00000000000a', -489.00, 'BRL', 'Conta luz', 'CPFL', 'DEBIT', '2023-09-22', '2023-09-22'::timestamptz, now(), '00000000-0000-0000-0000-000000000001'),
  ('50000000-0004-0000-0000-000000000080', '20000000-0000-0000-0000-000000000001', 'c0000000-0000-0000-0000-000000000005', -567.00, 'BRL', 'Curso Udemy', 'Educação', 'DEBIT', '2023-09-25', '2023-09-25'::timestamptz, now(), '00000000-0000-0000-0000-000000000001'),
  ('50000000-0004-0000-0000-000000000081', '20000000-0000-0000-0000-000000000006', 'c0000000-0000-0000-0000-000000000001', -145.00, 'BRL', 'Padaria', 'Lanche', 'DEBIT', '2023-09-28', '2023-09-28'::timestamptz, now(), '00000000-0000-0000-0000-000000000001'),
  ('50000000-0004-0000-0000-000000000082', '20000000-0000-0000-0000-000000000001', 'c0000000-0000-0000-0000-000000000007', 10000.00, 'BRL', 'Salário Outubro', 'Salário', 'CREDIT', '2023-10-05', '2023-10-05'::timestamptz, now(), '00000000-0000-0000-0000-000000000001'),
  ('50000000-0004-0000-0000-000000000083', '20000000-0000-0000-0000-000000000001', 'c0000000-0000-0000-0000-000000000003', -2500.00, 'BRL', 'Aluguel Outubro', 'Aluguel', 'DEBIT', '2023-10-10', '2023-10-10'::timestamptz, now(), '00000000-0000-0000-0000-000000000001'),
  ('50000000-0004-0000-0000-000000000084', '20000000-0000-0000-0000-000000000001', 'c0000000-0000-0000-0000-000000000001', -923.40, 'BRL', 'Supermercado Pão de Açúcar', 'Mercado', 'DEBIT', '2023-10-12', '2023-10-12'::timestamptz, now(), '00000000-0000-0000-0000-000000000001'),
  ('50000000-0004-0000-0000-000000000085', '20000000-0000-0000-0000-000000000007', 'c0000000-0000-0000-0000-00000000000c', -49.90, 'BRL', 'Netflix', 'Assinatura', 'DEBIT', '2023-10-15', '2023-10-15'::timestamptz, now(), '00000000-0000-0000-0000-000000000001'),
  ('50000000-0004-0000-0000-000000000086', '20000000-0000-0000-0000-000000000002', 'c0000000-0000-0000-0000-000000000002', -445.00, 'BRL', 'Combustível Shell', 'Gasolina', 'DEBIT', '2023-10-17', '2023-10-17'::timestamptz, now(), '00000000-0000-0000-0000-000000000001'),
  ('50000000-0004-0000-0000-000000000087', '20000000-0000-0000-0000-000000000008', 'c0000000-0000-0000-0000-000000000006', -1890.00, 'BRL', 'Viagem RJ', 'Lazer', 'DEBIT', '2023-10-20', '2023-10-20'::timestamptz, now(), '00000000-0000-0000-0000-000000000001'),
  ('50000000-0004-0000-0000-000000000088', '20000000-0000-0000-0000-000000000001', 'c0000000-0000-0000-0000-000000000004', -678.00, 'BRL', 'Exames médicos', 'Saúde', 'DEBIT', '2023-10-23', '2023-10-23'::timestamptz, now(), '00000000-0000-0000-0000-000000000001'),
  ('50000000-0004-0000-0000-000000000089', '20000000-0000-0000-0000-000000000001', 'c0000000-0000-0000-0000-00000000000a', -189.00, 'BRL', 'Telefone Claro', 'Celular', 'DEBIT', '2023-10-26', '2023-10-26'::timestamptz, now(), '00000000-0000-0000-0000-000000000001'),
  ('50000000-0004-0000-0000-000000000090', '20000000-0000-0000-0000-000000000006', 'c0000000-0000-0000-0000-000000000001', -167.00, 'BRL', 'Feira orgânica', 'Feira', 'DEBIT', '2023-10-30', '2023-10-30'::timestamptz, now(), '00000000-0000-0000-0000-000000000001'),
  ('50000000-0004-0000-0000-000000000091', '20000000-0000-0000-0000-000000000001', 'c0000000-0000-0000-0000-000000000007', 10000.00, 'BRL', 'Salário Novembro', 'Salário', 'CREDIT', '2023-11-05', '2023-11-05'::timestamptz, now(), '00000000-0000-0000-0000-000000000001'),
  ('50000000-0004-0000-0000-000000000092', '20000000-0000-0000-0000-000000000001', 'c0000000-0000-0000-0000-000000000003', -2500.00, 'BRL', 'Aluguel Novembro', 'Aluguel', 'DEBIT', '2023-11-10', '2023-11-10'::timestamptz, now(), '00000000-0000-0000-0000-000000000001'),
  ('50000000-0004-0000-0000-000000000093', '20000000-0000-0000-0000-000000000001', 'c0000000-0000-0000-0000-000000000001', -867.90, 'BRL', 'Supermercado Extra', 'Mercado', 'DEBIT', '2023-11-12', '2023-11-12'::timestamptz, now(), '00000000-0000-0000-0000-000000000001'),
  ('50000000-0004-0000-0000-000000000094', '20000000-0000-0000-0000-000000000003', 'c0000000-0000-0000-0000-000000000002', -456.00, 'BRL', 'Uber mensal', 'Transporte', 'DEBIT', '2023-11-15', '2023-11-15'::timestamptz, now(), '00000000-0000-0000-0000-000000000001'),
  ('50000000-0004-0000-0000-000000000095', '20000000-0000-0000-0000-000000000001', 'c0000000-0000-0000-0000-00000000000a', -523.00, 'BRL', 'Conta luz', 'CPFL', 'DEBIT', '2023-11-18', '2023-11-18'::timestamptz, now(), '00000000-0000-0000-0000-000000000001'),
  ('50000000-0004-0000-0000-000000000096', '20000000-0000-0000-0000-000000000005', 'c0000000-0000-0000-0000-000000000008', 1890.00, 'BRL', 'Rendimento CDB', 'Investimento', 'CREDIT', '2023-11-20', '2023-11-20'::timestamptz, now(), '00000000-0000-0000-0000-000000000001'),
  ('50000000-0004-0000-0000-000000000097', '20000000-0000-0000-0000-000000000007', 'c0000000-0000-0000-0000-00000000000b', -4567.00, 'BRL', 'Black Friday Amazon', 'Compras', 'DEBIT', '2023-11-24', '2023-11-24'::timestamptz, now(), '00000000-0000-0000-0000-000000000001'),
  ('50000000-0004-0000-0000-000000000098', '20000000-0000-0000-0000-000000000002', 'c0000000-0000-0000-0000-000000000002', -478.00, 'BRL', 'Combustível Ipiranga', 'Gasolina', 'DEBIT', '2023-11-27', '2023-11-27'::timestamptz, now(), '00000000-0000-0000-0000-000000000001'),
  ('50000000-0004-0000-0000-000000000099', '20000000-0000-0000-0000-000000000006', 'c0000000-0000-0000-0000-000000000001', -134.00, 'BRL', 'Feira livre', 'Feira', 'DEBIT', '2023-11-30', '2023-11-30'::timestamptz, now(), '00000000-0000-0000-0000-000000000001'),
  ('50000000-0004-0000-0000-000000000100', '20000000-0000-0000-0000-000000000001', 'c0000000-0000-0000-0000-000000000007', 20000.00, 'BRL', 'Salário + 13º', 'Salário', 'CREDIT', '2023-12-05', '2023-12-05'::timestamptz, now(), '00000000-0000-0000-0000-000000000001'),
  ('50000000-0004-0000-0000-000000000101', '20000000-0000-0000-0000-000000000001', 'c0000000-0000-0000-0000-000000000003', -2500.00, 'BRL', 'Aluguel Dezembro', 'Aluguel', 'DEBIT', '2023-12-10', '2023-12-10'::timestamptz, now(), '00000000-0000-0000-0000-000000000001'),
  ('50000000-0004-0000-0000-000000000102', '20000000-0000-0000-0000-000000000001', 'c0000000-0000-0000-0000-000000000001', -1023.50, 'BRL', 'Supermercado Carrefour', 'Mercado', 'DEBIT', '2023-12-13', '2023-12-13'::timestamptz, now(), '00000000-0000-0000-0000-000000000001'),
  ('50000000-0004-0000-0000-000000000103', '20000000-0000-0000-0000-000000000007', 'c0000000-0000-0000-0000-000000000006', -3456.00, 'BRL', 'Presentes Natal', 'Natal', 'DEBIT', '2023-12-18', '2023-12-18'::timestamptz, now(), '00000000-0000-0000-0000-000000000001'),
  ('50000000-0004-0000-0000-000000000104', '20000000-0000-0000-0000-000000000008', 'c0000000-0000-0000-0000-000000000006', -2890.00, 'BRL', 'Viagem Natal', 'Lazer', 'DEBIT', '2023-12-22', '2023-12-22'::timestamptz, now(), '00000000-0000-0000-0000-000000000001'),
  ('50000000-0004-0000-0000-000000000105', '20000000-0000-0000-0000-000000000006', 'c0000000-0000-0000-0000-000000000001', -345.00, 'BRL', 'Ceia Natal', 'Alimentação', 'DEBIT', '2023-12-24', '2023-12-24'::timestamptz, now(), '00000000-0000-0000-0000-000000000001'),
  ('50000000-0004-0000-0000-000000000106', '20000000-0000-0000-0000-000000000001', 'c0000000-0000-0000-0000-000000000009', 4500.00, 'BRL', 'Bônus freelance', 'Freelance', 'CREDIT', '2023-12-28', '2023-12-28'::timestamptz, now(), '00000000-0000-0000-0000-000000000001'),
  ('50000000-0004-0000-0000-000000000107', '20000000-0000-0000-0000-000000000006', 'c0000000-0000-0000-0000-000000000001', -267.00, 'BRL', 'Ceia Reveillon', 'Alimentação', 'DEBIT', '2023-12-31', '2023-12-31'::timestamptz, now(), '00000000-0000-0000-0000-000000000001');

-- ============================================================================
-- TRANSACTIONS 2024 (~160 transactions, ~3.5/week)
-- ============================================================================
INSERT INTO transactions (id, account_id, category_id, amount, currency, description, name, kind, transacted_date, created_at, updated_at, created_by) VALUES
  ('50000000-0005-0000-0000-000000000001', '20000000-0000-0000-0000-000000000001', 'c0000000-0000-0000-0000-000000000007', 10500.00, 'BRL', 'Salário Janeiro', 'Salário', 'CREDIT', '2024-01-05', '2024-01-05'::timestamptz, now(), '00000000-0000-0000-0000-000000000001'),
  ('50000000-0005-0000-0000-000000000002', '20000000-0000-0000-0000-000000000001', 'c0000000-0000-0000-0000-000000000003', -2700.00, 'BRL', 'Aluguel Janeiro', 'Aluguel', 'DEBIT', '2024-01-10', '2024-01-10'::timestamptz, now(), '00000000-0000-0000-0000-000000000001'),
  ('50000000-0005-0000-0000-000000000003', '20000000-0000-0000-0000-000000000001', 'c0000000-0000-0000-0000-000000000001', -756.30, 'BRL', 'Supermercado Extra', 'Mercado', 'DEBIT', '2024-01-12', '2024-01-12'::timestamptz, now(), '00000000-0000-0000-0000-000000000001'),
  ('50000000-0005-0000-0000-000000000004', '20000000-0000-0000-0000-000000000007', 'c0000000-0000-0000-0000-00000000000c', -55.90, 'BRL', 'Netflix', 'Assinatura', 'DEBIT', '2024-01-15', '2024-01-15'::timestamptz, now(), '00000000-0000-0000-0000-000000000001'),
  ('50000000-0005-0000-0000-000000000005', '20000000-0000-0000-0000-000000000002', 'c0000000-0000-0000-0000-000000000002', -378.00, 'BRL', 'Combustível Shell', 'Gasolina', 'DEBIT', '2024-01-16', '2024-01-16'::timestamptz, now(), '00000000-0000-0000-0000-000000000001'),
  ('50000000-0005-0000-0000-000000000006', '20000000-0000-0000-0000-000000000008', 'c0000000-0000-0000-0000-000000000006', -312.50, 'BRL', 'iFood', 'Delivery', 'DEBIT', '2024-01-18', '2024-01-18'::timestamptz, now(), '00000000-0000-0000-0000-000000000001'),
  ('50000000-0005-0000-0000-000000000007', '20000000-0000-0000-0000-000000000001', 'c0000000-0000-0000-0000-00000000000a', -456.00, 'BRL', 'Conta luz', 'CPFL', 'DEBIT', '2024-01-20', '2024-01-20'::timestamptz, now(), '00000000-0000-0000-0000-000000000001'),
  ('50000000-0005-0000-0000-000000000008', '20000000-0000-0000-0000-000000000006', 'c0000000-0000-0000-0000-000000000001', -134.50, 'BRL', 'Feira orgânica', 'Feira', 'DEBIT', '2024-01-22', '2024-01-22'::timestamptz, now(), '00000000-0000-0000-0000-000000000001'),
  ('50000000-0005-0000-0000-000000000009', '20000000-0000-0000-0000-000000000001', 'c0000000-0000-0000-0000-000000000001', -189.00, 'BRL', 'Padaria', 'Lanche', 'DEBIT', '2024-01-24', '2024-01-24'::timestamptz, now(), '00000000-0000-0000-0000-000000000001'),
  ('50000000-0005-0000-0000-000000000010', '20000000-0000-0000-0000-000000000003', 'c0000000-0000-0000-0000-000000000002', -234.00, 'BRL', 'Uber', 'Transporte', 'DEBIT', '2024-01-26', '2024-01-26'::timestamptz, now(), '00000000-0000-0000-0000-000000000001'),
  ('50000000-0005-0000-0000-000000000011', '20000000-0000-0000-0000-000000000005', 'c0000000-0000-0000-0000-000000000008', 1234.00, 'BRL', 'Rendimento poupança', 'Investimento', 'CREDIT', '2024-01-30', '2024-01-30'::timestamptz, now(), '00000000-0000-0000-0000-000000000001'),
  ('50000000-0005-0000-0000-000000000012', '20000000-0000-0000-0000-000000000001', 'c0000000-0000-0000-0000-000000000007', 10500.00, 'BRL', 'Salário Fevereiro', 'Salário', 'CREDIT', '2024-02-05', '2024-02-05'::timestamptz, now(), '00000000-0000-0000-0000-000000000001'),
  ('50000000-0005-0000-0000-000000000013', '20000000-0000-0000-0000-000000000001', 'c0000000-0000-0000-0000-000000000003', -2700.00, 'BRL', 'Aluguel Fevereiro', 'Aluguel', 'DEBIT', '2024-02-10', '2024-02-10'::timestamptz, now(), '00000000-0000-0000-0000-000000000001'),
  ('50000000-0005-0000-0000-000000000014', '20000000-0000-0000-0000-000000000001', 'c0000000-0000-0000-0000-000000000001', -823.40, 'BRL', 'Supermercado Carrefour', 'Mercado', 'DEBIT', '2024-02-12', '2024-02-12'::timestamptz, now(), '00000000-0000-0000-0000-000000000001'),
  ('50000000-0005-0000-0000-000000000015', '20000000-0000-0000-0000-000000000007', 'c0000000-0000-0000-0000-000000000006', -2340.00, 'BRL', 'Carnaval Rio', 'Lazer', 'DEBIT', '2024-02-13', '2024-02-13'::timestamptz, now(), '00000000-0000-0000-0000-000000000001'),
  ('50000000-0005-0000-0000-000000000016', '20000000-0000-0000-0000-000000000007', 'c0000000-0000-0000-0000-00000000000c', -34.90, 'BRL', 'Spotify', 'Assinatura', 'DEBIT', '2024-02-15', '2024-02-15'::timestamptz, now(), '00000000-0000-0000-0000-000000000001'),
  ('50000000-0005-0000-0000-000000000017', '20000000-0000-0000-0000-000000000003', 'c0000000-0000-0000-0000-000000000002', -456.00, 'BRL', 'Uber mensal', 'Transporte', 'DEBIT', '2024-02-17', '2024-02-17'::timestamptz, now(), '00000000-0000-0000-0000-000000000001'),
  ('50000000-0005-0000-0000-000000000018', '20000000-0000-0000-0000-000000000001', 'c0000000-0000-0000-0000-000000000004', -234.00, 'BRL', 'Farmácia', 'Remédios', 'DEBIT', '2024-02-20', '2024-02-20'::timestamptz, now(), '00000000-0000-0000-0000-000000000001'),
  ('50000000-0005-0000-0000-000000000019', '20000000-0000-0000-0000-000000000008', 'c0000000-0000-0000-0000-000000000006', -178.00, 'BRL', 'iFood', 'Delivery', 'DEBIT', '2024-02-22', '2024-02-22'::timestamptz, now(), '00000000-0000-0000-0000-000000000001'),
  ('50000000-0005-0000-0000-000000000020', '20000000-0000-0000-0000-000000000002', 'c0000000-0000-0000-0000-000000000002', -345.00, 'BRL', 'Combustível Ipiranga', 'Gasolina', 'DEBIT', '2024-02-24', '2024-02-24'::timestamptz, now(), '00000000-0000-0000-0000-000000000001'),
  ('50000000-0005-0000-0000-000000000021', '20000000-0000-0000-0000-000000000006', 'c0000000-0000-0000-0000-000000000001', -112.00, 'BRL', 'Feira livre', 'Feira', 'DEBIT', '2024-02-28', '2024-02-28'::timestamptz, now(), '00000000-0000-0000-0000-000000000001'),
  ('50000000-0005-0000-0000-000000000022', '20000000-0000-0000-0000-000000000001', 'c0000000-0000-0000-0000-000000000007', 10500.00, 'BRL', 'Salário Março', 'Salário', 'CREDIT', '2024-03-05', '2024-03-05'::timestamptz, now(), '00000000-0000-0000-0000-000000000001'),
  ('50000000-0005-0000-0000-000000000023', '20000000-0000-0000-0000-000000000001', 'c0000000-0000-0000-0000-000000000003', -2700.00, 'BRL', 'Aluguel Março', 'Aluguel', 'DEBIT', '2024-03-10', '2024-03-10'::timestamptz, now(), '00000000-0000-0000-0000-000000000001'),
  ('50000000-0005-0000-0000-000000000024', '20000000-0000-0000-0000-000000000001', 'c0000000-0000-0000-0000-000000000001', -912.80, 'BRL', 'Supermercado BIG', 'Mercado', 'DEBIT', '2024-03-12', '2024-03-12'::timestamptz, now(), '00000000-0000-0000-0000-000000000001'),
  ('50000000-0005-0000-0000-000000000025', '20000000-0000-0000-0000-000000000002', 'c0000000-0000-0000-0000-000000000002', -412.00, 'BRL', 'Combustível BR', 'Gasolina', 'DEBIT', '2024-03-14', '2024-03-14'::timestamptz, now(), '00000000-0000-0000-0000-000000000001'),
  ('50000000-0005-0000-0000-000000000026', '20000000-0000-0000-0000-000000000001', 'c0000000-0000-0000-0000-00000000000a', -289.00, 'BRL', 'Conta água', 'Sabesp', 'DEBIT', '2024-03-16', '2024-03-16'::timestamptz, now(), '00000000-0000-0000-0000-000000000001'),
  ('50000000-0005-0000-0000-000000000027', '20000000-0000-0000-0000-000000000001', 'c0000000-0000-0000-0000-000000000005', -1890.00, 'BRL', 'Curso React', 'Educação', 'DEBIT', '2024-03-18', '2024-03-18'::timestamptz, now(), '00000000-0000-0000-0000-000000000001'),
  ('50000000-0005-0000-0000-000000000028', '20000000-0000-0000-0000-000000000008', 'c0000000-0000-0000-0000-00000000000b', -789.00, 'BRL', 'Amazon', 'Compras', 'DEBIT', '2024-03-20', '2024-03-20'::timestamptz, now(), '00000000-0000-0000-0000-000000000001'),
  ('50000000-0005-0000-0000-000000000029', '20000000-0000-0000-0000-000000000001', 'c0000000-0000-0000-0000-000000000009', 5600.00, 'BRL', 'Freelance API', 'Freelance', 'CREDIT', '2024-03-22', '2024-03-22'::timestamptz, now(), '00000000-0000-0000-0000-000000000001'),
  ('50000000-0005-0000-0000-000000000030', '20000000-0000-0000-0000-000000000006', 'c0000000-0000-0000-0000-000000000001', -156.00, 'BRL', 'Padaria', 'Lanche', 'DEBIT', '2024-03-25', '2024-03-25'::timestamptz, now(), '00000000-0000-0000-0000-000000000001'),
  ('50000000-0005-0000-0000-000000000031', '20000000-0000-0000-0000-000000000001', 'c0000000-0000-0000-0000-00000000000a', -523.00, 'BRL', 'Conta luz', 'CPFL', 'DEBIT', '2024-03-28', '2024-03-28'::timestamptz, now(), '00000000-0000-0000-0000-000000000001'),
  ('50000000-0005-0000-0000-000000000032', '20000000-0000-0000-0000-000000000006', 'c0000000-0000-0000-0000-000000000001', -98.00, 'BRL', 'Feira orgânica', 'Feira', 'DEBIT', '2024-03-31', '2024-03-31'::timestamptz, now(), '00000000-0000-0000-0000-000000000001'),
  ('50000000-0005-0000-0000-000000000033', '20000000-0000-0000-0000-000000000001', 'c0000000-0000-0000-0000-000000000007', 10500.00, 'BRL', 'Salário Abril', 'Salário', 'CREDIT', '2024-04-05', '2024-04-05'::timestamptz, now(), '00000000-0000-0000-0000-000000000001'),
  ('50000000-0005-0000-0000-000000000034', '20000000-0000-0000-0000-000000000001', 'c0000000-0000-0000-0000-000000000003', -2700.00, 'BRL', 'Aluguel Abril', 'Aluguel', 'DEBIT', '2024-04-10', '2024-04-10'::timestamptz, now(), '00000000-0000-0000-0000-000000000001'),
  ('50000000-0005-0000-0000-000000000035', '20000000-0000-0000-0000-000000000001', 'c0000000-0000-0000-0000-000000000001', -867.40, 'BRL', 'Supermercado Extra', 'Mercado', 'DEBIT', '2024-04-12', '2024-04-12'::timestamptz, now(), '00000000-0000-0000-0000-000000000001'),
  ('50000000-0005-0000-0000-000000000036', '20000000-0000-0000-0000-000000000007', 'c0000000-0000-0000-0000-00000000000c', -55.90, 'BRL', 'Netflix', 'Assinatura', 'DEBIT', '2024-04-15', '2024-04-15'::timestamptz, now(), '00000000-0000-0000-0000-000000000001'),
  ('50000000-0005-0000-0000-000000000037', '20000000-0000-0000-0000-000000000002', 'c0000000-0000-0000-0000-000000000002', -389.00, 'BRL', 'Combustível Shell', 'Gasolina', 'DEBIT', '2024-04-16', '2024-04-16'::timestamptz, now(), '00000000-0000-0000-0000-000000000001'),
  ('50000000-0005-0000-0000-000000000038', '20000000-0000-0000-0000-000000000008', 'c0000000-0000-0000-0000-000000000006', -345.00, 'BRL', 'iFood', 'Delivery', 'DEBIT', '2024-04-18', '2024-04-18'::timestamptz, now(), '00000000-0000-0000-0000-000000000001'),
  ('50000000-0005-0000-0000-000000000039', '20000000-0000-0000-0000-000000000001', 'c0000000-0000-0000-0000-000000000004', -890.00, 'BRL', 'Consulta médica', 'Saúde', 'DEBIT', '2024-04-20', '2024-04-20'::timestamptz, now(), '00000000-0000-0000-0000-000000000001'),
  ('50000000-0005-0000-0000-000000000040', '20000000-0000-0000-0000-000000000003', 'c0000000-0000-0000-0000-000000000002', -267.00, 'BRL', 'Uber', 'Transporte', 'DEBIT', '2024-04-22', '2024-04-22'::timestamptz, now(), '00000000-0000-0000-0000-000000000001'),
  ('50000000-0005-0000-0000-000000000041', '20000000-0000-0000-0000-000000000006', 'c0000000-0000-0000-0000-000000000001', -178.00, 'BRL', 'Padaria', 'Lanche', 'DEBIT', '2024-04-25', '2024-04-25'::timestamptz, now(), '00000000-0000-0000-0000-000000000001'),
  ('50000000-0005-0000-0000-000000000042', '20000000-0000-0000-0000-000000000005', 'c0000000-0000-0000-0000-000000000008', 1567.00, 'BRL', 'Dividendos', 'Investimento', 'CREDIT', '2024-04-28', '2024-04-28'::timestamptz, now(), '00000000-0000-0000-0000-000000000001'),
  ('50000000-0005-0000-0000-000000000043', '20000000-0000-0000-0000-000000000006', 'c0000000-0000-0000-0000-000000000001', -123.00, 'BRL', 'Feira livre', 'Feira', 'DEBIT', '2024-04-30', '2024-04-30'::timestamptz, now(), '00000000-0000-0000-0000-000000000001'),
  ('50000000-0005-0000-0000-000000000044', '20000000-0000-0000-0000-000000000001', 'c0000000-0000-0000-0000-000000000007', 10500.00, 'BRL', 'Salário Maio', 'Salário', 'CREDIT', '2024-05-05', '2024-05-05'::timestamptz, now(), '00000000-0000-0000-0000-000000000001'),
  ('50000000-0005-0000-0000-000000000045', '20000000-0000-0000-0000-000000000001', 'c0000000-0000-0000-0000-000000000003', -2700.00, 'BRL', 'Aluguel Maio', 'Aluguel', 'DEBIT', '2024-05-10', '2024-05-10'::timestamptz, now(), '00000000-0000-0000-0000-000000000001'),
  ('50000000-0005-0000-0000-000000000046', '20000000-0000-0000-0000-000000000001', 'c0000000-0000-0000-0000-000000000001', -945.30, 'BRL', 'Supermercado Dia', 'Mercado', 'DEBIT', '2024-05-12', '2024-05-12'::timestamptz, now(), '00000000-0000-0000-0000-000000000001'),
  ('50000000-0005-0000-0000-000000000047', '20000000-0000-0000-0000-000000000007', 'c0000000-0000-0000-0000-00000000000c', -34.90, 'BRL', 'Spotify', 'Assinatura', 'DEBIT', '2024-05-15', '2024-05-15'::timestamptz, now(), '00000000-0000-0000-0000-000000000001'),
  ('50000000-0005-0000-0000-000000000048', '20000000-0000-0000-0000-000000000003', 'c0000000-0000-0000-0000-000000000002', -512.00, 'BRL', 'Uber mensal', 'Transporte', 'DEBIT', '2024-05-16', '2024-05-16'::timestamptz, now(), '00000000-0000-0000-0000-000000000001'),
  ('50000000-0005-0000-0000-000000000049', '20000000-0000-0000-0000-000000000005', 'c0000000-0000-0000-0000-000000000008', 1890.00, 'BRL', 'Rendimento CDB', 'Investimento', 'CREDIT', '2024-05-18', '2024-05-18'::timestamptz, now(), '00000000-0000-0000-0000-000000000001'),
  ('50000000-0005-0000-0000-000000000050', '20000000-0000-0000-0000-000000000007', 'c0000000-0000-0000-0000-00000000000b', -1234.00, 'BRL', 'Magazine Luiza', 'Compras', 'DEBIT', '2024-05-20', '2024-05-20'::timestamptz, now(), '00000000-0000-0000-0000-000000000001'),
  ('50000000-0005-0000-0000-000000000051', '20000000-0000-0000-0000-000000000001', 'c0000000-0000-0000-0000-00000000000a', -234.00, 'BRL', 'Internet Vivo', 'Internet', 'DEBIT', '2024-05-22', '2024-05-22'::timestamptz, now(), '00000000-0000-0000-0000-000000000001'),
  ('50000000-0005-0000-0000-000000000052', '20000000-0000-0000-0000-000000000002', 'c0000000-0000-0000-0000-000000000002', -423.00, 'BRL', 'Combustível Ipiranga', 'Gasolina', 'DEBIT', '2024-05-24', '2024-05-24'::timestamptz, now(), '00000000-0000-0000-0000-000000000001'),
  ('50000000-0005-0000-0000-000000000053', '20000000-0000-0000-0000-000000000008', 'c0000000-0000-0000-0000-000000000006', -289.00, 'BRL', 'iFood', 'Delivery', 'DEBIT', '2024-05-27', '2024-05-27'::timestamptz, now(), '00000000-0000-0000-0000-000000000001'),
  ('50000000-0005-0000-0000-000000000054', '20000000-0000-0000-0000-000000000006', 'c0000000-0000-0000-0000-000000000001', -145.00, 'BRL', 'Feira orgânica', 'Feira', 'DEBIT', '2024-05-31', '2024-05-31'::timestamptz, now(), '00000000-0000-0000-0000-000000000001'),
  ('50000000-0005-0000-0000-000000000055', '20000000-0000-0000-0000-000000000001', 'c0000000-0000-0000-0000-000000000007', 10500.00, 'BRL', 'Salário Junho', 'Salário', 'CREDIT', '2024-06-05', '2024-06-05'::timestamptz, now(), '00000000-0000-0000-0000-000000000001'),
  ('50000000-0005-0000-0000-000000000056', '20000000-0000-0000-0000-000000000001', 'c0000000-0000-0000-0000-000000000003', -2700.00, 'BRL', 'Aluguel Junho', 'Aluguel', 'DEBIT', '2024-06-10', '2024-06-10'::timestamptz, now(), '00000000-0000-0000-0000-000000000001'),
  ('50000000-0005-0000-0000-000000000057', '20000000-0000-0000-0000-000000000001', 'c0000000-0000-0000-0000-000000000001', -1012.40, 'BRL', 'Supermercado Carrefour', 'Mercado', 'DEBIT', '2024-06-12', '2024-06-12'::timestamptz, now(), '00000000-0000-0000-0000-000000000001'),
  ('50000000-0005-0000-0000-000000000058', '20000000-0000-0000-0000-000000000007', 'c0000000-0000-0000-0000-00000000000c', -55.90, 'BRL', 'Netflix', 'Assinatura', 'DEBIT', '2024-06-15', '2024-06-15'::timestamptz, now(), '00000000-0000-0000-0000-000000000001'),
  ('50000000-0005-0000-0000-000000000059', '20000000-0000-0000-0000-000000000002', 'c0000000-0000-0000-0000-000000000002', -467.00, 'BRL', 'Combustível Shell', 'Gasolina', 'DEBIT', '2024-06-16', '2024-06-16'::timestamptz, now(), '00000000-0000-0000-0000-000000000001'),
  ('50000000-0005-0000-0000-000000000060', '20000000-0000-0000-0000-000000000001', 'c0000000-0000-0000-0000-000000000009', 7800.00, 'BRL', 'Freelance mobile', 'Freelance', 'CREDIT', '2024-06-18', '2024-06-18'::timestamptz, now(), '00000000-0000-0000-0000-000000000001'),
  ('50000000-0005-0000-0000-000000000061', '20000000-0000-0000-0000-000000000008', 'c0000000-0000-0000-0000-000000000006', -2345.00, 'BRL', 'Viagem SP', 'Lazer', 'DEBIT', '2024-06-21', '2024-06-21'::timestamptz, now(), '00000000-0000-0000-0000-000000000001'),
  ('50000000-0005-0000-0000-000000000062', '20000000-0000-0000-0000-000000000001', 'c0000000-0000-0000-0000-000000000005', -456.00, 'BRL', 'Livro técnico', 'Educação', 'DEBIT', '2024-06-24', '2024-06-24'::timestamptz, now(), '00000000-0000-0000-0000-000000000001'),
  ('50000000-0005-0000-0000-000000000063', '20000000-0000-0000-0000-000000000006', 'c0000000-0000-0000-0000-000000000001', -189.00, 'BRL', 'Padaria', 'Lanche', 'DEBIT', '2024-06-27', '2024-06-27'::timestamptz, now(), '00000000-0000-0000-0000-000000000001'),
  ('50000000-0005-0000-0000-000000000064', '20000000-0000-0000-0000-000000000001', 'c0000000-0000-0000-0000-00000000000a', -567.00, 'BRL', 'Conta luz', 'CPFL', 'DEBIT', '2024-06-30', '2024-06-30'::timestamptz, now(), '00000000-0000-0000-0000-000000000001'),
  ('50000000-0005-0000-0000-000000000065', '20000000-0000-0000-0000-000000000001', 'c0000000-0000-0000-0000-000000000007', 10500.00, 'BRL', 'Salário Julho', 'Salário', 'CREDIT', '2024-07-05', '2024-07-05'::timestamptz, now(), '00000000-0000-0000-0000-000000000001'),
  ('50000000-0005-0000-0000-000000000066', '20000000-0000-0000-0000-000000000001', 'c0000000-0000-0000-0000-000000000003', -2700.00, 'BRL', 'Aluguel Julho', 'Aluguel', 'DEBIT', '2024-07-10', '2024-07-10'::timestamptz, now(), '00000000-0000-0000-0000-000000000001'),
  ('50000000-0005-0000-0000-000000000067', '20000000-0000-0000-0000-000000000001', 'c0000000-0000-0000-0000-000000000001', -1089.30, 'BRL', 'Supermercado BIG', 'Mercado', 'DEBIT', '2024-07-12', '2024-07-12'::timestamptz, now(), '00000000-0000-0000-0000-000000000001'),
  ('50000000-0005-0000-0000-000000000068', '20000000-0000-0000-0000-000000000007', 'c0000000-0000-0000-0000-00000000000c', -34.90, 'BRL', 'Spotify', 'Assinatura', 'DEBIT', '2024-07-15', '2024-07-15'::timestamptz, now(), '00000000-0000-0000-0000-000000000001'),
  ('50000000-0005-0000-0000-000000000069', '20000000-0000-0000-0000-000000000003', 'c0000000-0000-0000-0000-000000000002', -534.00, 'BRL', 'Uber mensal', 'Transporte', 'DEBIT', '2024-07-16', '2024-07-16'::timestamptz, now(), '00000000-0000-0000-0000-000000000001'),
  ('50000000-0005-0000-0000-000000000070', '20000000-0000-0000-0000-000000000001', 'c0000000-0000-0000-0000-00000000000a', -312.00, 'BRL', 'Conta água', 'Sabesp', 'DEBIT', '2024-07-18', '2024-07-18'::timestamptz, now(), '00000000-0000-0000-0000-000000000001'),
  ('50000000-0005-0000-0000-000000000071', '20000000-0000-0000-0000-000000000008', 'c0000000-0000-0000-0000-000000000006', -389.00, 'BRL', 'iFood', 'Delivery', 'DEBIT', '2024-07-20', '2024-07-20'::timestamptz, now(), '00000000-0000-0000-0000-000000000001'),
  ('50000000-0005-0000-0000-000000000072', '20000000-0000-0000-0000-000000000001', 'c0000000-0000-0000-0000-000000000004', -345.00, 'BRL', 'Farmácia', 'Remédios', 'DEBIT', '2024-07-22', '2024-07-22'::timestamptz, now(), '00000000-0000-0000-0000-000000000001'),
  ('50000000-0005-0000-0000-000000000073', '20000000-0000-0000-0000-000000000002', 'c0000000-0000-0000-0000-000000000002', -498.00, 'BRL', 'Combustível BR', 'Gasolina', 'DEBIT', '2024-07-24', '2024-07-24'::timestamptz, now(), '00000000-0000-0000-0000-000000000001'),
  ('50000000-0005-0000-0000-000000000074', '20000000-0000-0000-0000-000000000005', 'c0000000-0000-0000-0000-000000000008', 2123.00, 'BRL', 'Dividendos', 'Investimento', 'CREDIT', '2024-07-26', '2024-07-26'::timestamptz, now(), '00000000-0000-0000-0000-000000000001'),
  ('50000000-0005-0000-0000-000000000075', '20000000-0000-0000-0000-000000000006', 'c0000000-0000-0000-0000-000000000001', -167.00, 'BRL', 'Feira orgânica', 'Feira', 'DEBIT', '2024-07-28', '2024-07-28'::timestamptz, now(), '00000000-0000-0000-0000-000000000001'),
  ('50000000-0005-0000-0000-000000000076', '20000000-0000-0000-0000-000000000006', 'c0000000-0000-0000-0000-000000000001', -112.00, 'BRL', 'Feira livre', 'Feira', 'DEBIT', '2024-07-31', '2024-07-31'::timestamptz, now(), '00000000-0000-0000-0000-000000000001'),
  ('50000000-0005-0000-0000-000000000077', '20000000-0000-0000-0000-000000000001', 'c0000000-0000-0000-0000-000000000007', 10500.00, 'BRL', 'Salário Agosto', 'Salário', 'CREDIT', '2024-08-05', '2024-08-05'::timestamptz, now(), '00000000-0000-0000-0000-000000000001'),
  ('50000000-0005-0000-0000-000000000078', '20000000-0000-0000-0000-000000000001', 'c0000000-0000-0000-0000-000000000003', -2700.00, 'BRL', 'Aluguel Agosto', 'Aluguel', 'DEBIT', '2024-08-10', '2024-08-10'::timestamptz, now(), '00000000-0000-0000-0000-000000000001'),
  ('50000000-0005-0000-0000-000000000079', '20000000-0000-0000-0000-000000000001', 'c0000000-0000-0000-0000-000000000001', -1156.50, 'BRL', 'Supermercado Extra', 'Mercado', 'DEBIT', '2024-08-12', '2024-08-12'::timestamptz, now(), '00000000-0000-0000-0000-000000000001'),
  ('50000000-0005-0000-0000-000000000080', '20000000-0000-0000-0000-000000000007', 'c0000000-0000-0000-0000-00000000000c', -55.90, 'BRL', 'Netflix', 'Assinatura', 'DEBIT', '2024-08-15', '2024-08-15'::timestamptz, now(), '00000000-0000-0000-0000-000000000001'),
  ('50000000-0005-0000-0000-000000000081', '20000000-0000-0000-0000-000000000007', 'c0000000-0000-0000-0000-00000000000b', -2345.00, 'BRL', 'Casas Bahia', 'Compras', 'DEBIT', '2024-08-16', '2024-08-16'::timestamptz, now(), '00000000-0000-0000-0000-000000000001'),
  ('50000000-0005-0000-0000-000000000082', '20000000-0000-0000-0000-000000000001', 'c0000000-0000-0000-0000-00000000000a', -623.00, 'BRL', 'Conta luz', 'CPFL', 'DEBIT', '2024-08-18', '2024-08-18'::timestamptz, now(), '00000000-0000-0000-0000-000000000001'),
  ('50000000-0005-0000-0000-000000000083', '20000000-0000-0000-0000-000000000001', 'c0000000-0000-0000-0000-000000000009', 4500.00, 'BRL', 'Freelance web', 'Freelance', 'CREDIT', '2024-08-20', '2024-08-20'::timestamptz, now(), '00000000-0000-0000-0000-000000000001'),
  ('50000000-0005-0000-0000-000000000084', '20000000-0000-0000-0000-000000000002', 'c0000000-0000-0000-0000-000000000002', -523.00, 'BRL', 'Combustível Ipiranga', 'Gasolina', 'DEBIT', '2024-08-22', '2024-08-22'::timestamptz, now(), '00000000-0000-0000-0000-000000000001'),
  ('50000000-0005-0000-0000-000000000085', '20000000-0000-0000-0000-000000000008', 'c0000000-0000-0000-0000-000000000006', -412.00, 'BRL', 'iFood', 'Delivery', 'DEBIT', '2024-08-24', '2024-08-24'::timestamptz, now(), '00000000-0000-0000-0000-000000000001'),
  ('50000000-0005-0000-0000-000000000086', '20000000-0000-0000-0000-000000000006', 'c0000000-0000-0000-0000-000000000001', -134.00, 'BRL', 'Padaria', 'Lanche', 'DEBIT', '2024-08-27', '2024-08-27'::timestamptz, now(), '00000000-0000-0000-0000-000000000001'),
  ('50000000-0005-0000-0000-000000000087', '20000000-0000-0000-0000-000000000006', 'c0000000-0000-0000-0000-000000000001', -189.00, 'BRL', 'Feira livre', 'Feira', 'DEBIT', '2024-08-31', '2024-08-31'::timestamptz, now(), '00000000-0000-0000-0000-000000000001'),
  ('50000000-0005-0000-0000-000000000088', '20000000-0000-0000-0000-000000000001', 'c0000000-0000-0000-0000-000000000007', 10500.00, 'BRL', 'Salário Setembro', 'Salário', 'CREDIT', '2024-09-05', '2024-09-05'::timestamptz, now(), '00000000-0000-0000-0000-000000000001'),
  ('50000000-0005-0000-0000-000000000089', '20000000-0000-0000-0000-000000000001', 'c0000000-0000-0000-0000-000000000003', -2700.00, 'BRL', 'Aluguel Setembro', 'Aluguel', 'DEBIT', '2024-09-10', '2024-09-10'::timestamptz, now(), '00000000-0000-0000-0000-000000000001'),
  ('50000000-0005-0000-0000-000000000090', '20000000-0000-0000-0000-000000000001', 'c0000000-0000-0000-0000-000000000001', -1234.70, 'BRL', 'Supermercado Carrefour', 'Mercado', 'DEBIT', '2024-09-12', '2024-09-12'::timestamptz, now(), '00000000-0000-0000-0000-000000000001'),
  ('50000000-0005-0000-0000-000000000091', '20000000-0000-0000-0000-000000000007', 'c0000000-0000-0000-0000-00000000000c', -34.90, 'BRL', 'Spotify', 'Assinatura', 'DEBIT', '2024-09-15', '2024-09-15'::timestamptz, now(), '00000000-0000-0000-0000-000000000001'),
  ('50000000-0005-0000-0000-000000000092', '20000000-0000-0000-0000-000000000003', 'c0000000-0000-0000-0000-000000000002', -567.00, 'BRL', 'Uber mensal', 'Transporte', 'DEBIT', '2024-09-16', '2024-09-16'::timestamptz, now(), '00000000-0000-0000-0000-000000000001'),
  ('50000000-0005-0000-0000-000000000093', '20000000-0000-0000-0000-000000000001', 'c0000000-0000-0000-0000-00000000000a', -345.00, 'BRL', 'Conta água', 'Sabesp', 'DEBIT', '2024-09-18', '2024-09-18'::timestamptz, now(), '00000000-0000-0000-0000-000000000001'),
  ('50000000-0005-0000-0000-000000000094', '20000000-0000-0000-0000-000000000001', 'c0000000-0000-0000-0000-000000000009', 9200.00, 'BRL', 'Freelance sistema', 'Freelance', 'CREDIT', '2024-09-20', '2024-09-20'::timestamptz, now(), '00000000-0000-0000-0000-000000000001'),
  ('50000000-0005-0000-0000-000000000095', '20000000-0000-0000-0000-000000000001', 'c0000000-0000-0000-0000-000000000005', -789.00, 'BRL', 'Curso TypeScript', 'Educação', 'DEBIT', '2024-09-22', '2024-09-22'::timestamptz, now(), '00000000-0000-0000-0000-000000000001'),
  ('50000000-0005-0000-0000-000000000096', '20000000-0000-0000-0000-000000000002', 'c0000000-0000-0000-0000-000000000002', -556.00, 'BRL', 'Combustível Shell', 'Gasolina', 'DEBIT', '2024-09-24', '2024-09-24'::timestamptz, now(), '00000000-0000-0000-0000-000000000001'),
  ('50000000-0005-0000-0000-000000000097', '20000000-0000-0000-0000-000000000008', 'c0000000-0000-0000-0000-000000000006', -456.00, 'BRL', 'iFood', 'Delivery', 'DEBIT', '2024-09-26', '2024-09-26'::timestamptz, now(), '00000000-0000-0000-0000-000000000001'),
  ('50000000-0005-0000-0000-000000000098', '20000000-0000-0000-0000-000000000006', 'c0000000-0000-0000-0000-000000000001', -156.00, 'BRL', 'Feira orgânica', 'Feira', 'DEBIT', '2024-09-30', '2024-09-30'::timestamptz, now(), '00000000-0000-0000-0000-000000000001'),
  ('50000000-0005-0000-0000-000000000099', '20000000-0000-0000-0000-000000000001', 'c0000000-0000-0000-0000-000000000007', 10500.00, 'BRL', 'Salário Outubro', 'Salário', 'CREDIT', '2024-10-05', '2024-10-05'::timestamptz, now(), '00000000-0000-0000-0000-000000000001'),
  ('50000000-0005-0000-0000-000000000100', '20000000-0000-0000-0000-000000000001', 'c0000000-0000-0000-0000-000000000003', -2700.00, 'BRL', 'Aluguel Outubro', 'Aluguel', 'DEBIT', '2024-10-10', '2024-10-10'::timestamptz, now(), '00000000-0000-0000-0000-000000000001'),
  ('50000000-0005-0000-0000-000000000101', '20000000-0000-0000-0000-000000000001', 'c0000000-0000-0000-0000-000000000001', -1312.40, 'BRL', 'Supermercado Pão de Açúcar', 'Mercado', 'DEBIT', '2024-10-12', '2024-10-12'::timestamptz, now(), '00000000-0000-0000-0000-000000000001'),
  ('50000000-0005-0000-0000-000000000102', '20000000-0000-0000-0000-000000000007', 'c0000000-0000-0000-0000-00000000000c', -55.90, 'BRL', 'Netflix', 'Assinatura', 'DEBIT', '2024-10-15', '2024-10-15'::timestamptz, now(), '00000000-0000-0000-0000-000000000001'),
  ('50000000-0005-0000-0000-000000000103', '20000000-0000-0000-0000-000000000002', 'c0000000-0000-0000-0000-000000000002', -589.00, 'BRL', 'Combustível BR', 'Gasolina', 'DEBIT', '2024-10-16', '2024-10-16'::timestamptz, now(), '00000000-0000-0000-0000-000000000001'),
  ('50000000-0005-0000-0000-000000000104', '20000000-0000-0000-0000-000000000008', 'c0000000-0000-0000-0000-000000000006', -2678.00, 'BRL', 'Viagem Bahia', 'Lazer', 'DEBIT', '2024-10-18', '2024-10-18'::timestamptz, now(), '00000000-0000-0000-0000-000000000001'),
  ('50000000-0005-0000-0000-000000000105', '20000000-0000-0000-0000-000000000001', 'c0000000-0000-0000-0000-000000000004', -1234.00, 'BRL', 'Exames médicos', 'Saúde', 'DEBIT', '2024-10-20', '2024-10-20'::timestamptz, now(), '00000000-0000-0000-0000-000000000001'),
  ('50000000-0005-0000-0000-000000000106', '20000000-0000-0000-0000-000000000001', 'c0000000-0000-0000-0000-00000000000a', -234.00, 'BRL', 'Telefone Claro', 'Celular', 'DEBIT', '2024-10-22', '2024-10-22'::timestamptz, now(), '00000000-0000-0000-0000-000000000001'),
  ('50000000-0005-0000-0000-000000000107', '20000000-0000-0000-0000-000000000005', 'c0000000-0000-0000-0000-000000000008', 2456.00, 'BRL', 'Rendimento CDB', 'Investimento', 'CREDIT', '2024-10-24', '2024-10-24'::timestamptz, now(), '00000000-0000-0000-0000-000000000001'),
  ('50000000-0005-0000-0000-000000000108', '20000000-0000-0000-0000-000000000006', 'c0000000-0000-0000-0000-000000000001', -178.00, 'BRL', 'Padaria', 'Lanche', 'DEBIT', '2024-10-27', '2024-10-27'::timestamptz, now(), '00000000-0000-0000-0000-000000000001'),
  ('50000000-0005-0000-0000-000000000109', '20000000-0000-0000-0000-000000000006', 'c0000000-0000-0000-0000-000000000001', -145.00, 'BRL', 'Feira livre', 'Feira', 'DEBIT', '2024-10-31', '2024-10-31'::timestamptz, now(), '00000000-0000-0000-0000-000000000001'),
  ('50000000-0005-0000-0000-000000000110', '20000000-0000-0000-0000-000000000001', 'c0000000-0000-0000-0000-000000000007', 10500.00, 'BRL', 'Salário Novembro', 'Salário', 'CREDIT', '2024-11-05', '2024-11-05'::timestamptz, now(), '00000000-0000-0000-0000-000000000001'),
  ('50000000-0005-0000-0000-000000000111', '20000000-0000-0000-0000-000000000001', 'c0000000-0000-0000-0000-000000000003', -2700.00, 'BRL', 'Aluguel Novembro', 'Aluguel', 'DEBIT', '2024-11-10', '2024-11-10'::timestamptz, now(), '00000000-0000-0000-0000-000000000001'),
  ('50000000-0005-0000-0000-000000000112', '20000000-0000-0000-0000-000000000001', 'c0000000-0000-0000-0000-000000000001', -1423.90, 'BRL', 'Supermercado Extra', 'Mercado', 'DEBIT', '2024-11-12', '2024-11-12'::timestamptz, now(), '00000000-0000-0000-0000-000000000001'),
  ('50000000-0005-0000-0000-000000000113', '20000000-0000-0000-0000-000000000007', 'c0000000-0000-0000-0000-00000000000c', -34.90, 'BRL', 'Spotify', 'Assinatura', 'DEBIT', '2024-11-15', '2024-11-15'::timestamptz, now(), '00000000-0000-0000-0000-000000000001'),
  ('50000000-0005-0000-0000-000000000114', '20000000-0000-0000-0000-000000000003', 'c0000000-0000-0000-0000-000000000002', -612.00, 'BRL', 'Uber mensal', 'Transporte', 'DEBIT', '2024-11-16', '2024-11-16'::timestamptz, now(), '00000000-0000-0000-0000-000000000001'),
  ('50000000-0005-0000-0000-000000000115', '20000000-0000-0000-0000-000000000001', 'c0000000-0000-0000-0000-00000000000a', -678.00, 'BRL', 'Conta luz', 'CPFL', 'DEBIT', '2024-11-18', '2024-11-18'::timestamptz, now(), '00000000-0000-0000-0000-000000000001'),
  ('50000000-0005-0000-0000-000000000116', '20000000-0000-0000-0000-000000000005', 'c0000000-0000-0000-0000-000000000008', 2789.00, 'BRL', 'Dividendos', 'Investimento', 'CREDIT', '2024-11-20', '2024-11-20'::timestamptz, now(), '00000000-0000-0000-0000-000000000001'),
  ('50000000-0005-0000-0000-000000000117', '20000000-0000-0000-0000-000000000007', 'c0000000-0000-0000-0000-00000000000b', -5678.00, 'BRL', 'Black Friday Amazon', 'Compras', 'DEBIT', '2024-11-29', '2024-11-29'::timestamptz, now(), '00000000-0000-0000-0000-000000000001'),
  ('50000000-0005-0000-0000-000000000118', '20000000-0000-0000-0000-000000000002', 'c0000000-0000-0000-0000-000000000002', -623.00, 'BRL', 'Combustível Ipiranga', 'Gasolina', 'DEBIT', '2024-11-22', '2024-11-22'::timestamptz, now(), '00000000-0000-0000-0000-000000000001'),
  ('50000000-0005-0000-0000-000000000119', '20000000-0000-0000-0000-000000000008', 'c0000000-0000-0000-0000-000000000006', -489.00, 'BRL', 'iFood', 'Delivery', 'DEBIT', '2024-11-25', '2024-11-25'::timestamptz, now(), '00000000-0000-0000-0000-000000000001'),
  ('50000000-0005-0000-0000-000000000120', '20000000-0000-0000-0000-000000000006', 'c0000000-0000-0000-0000-000000000001', -167.00, 'BRL', 'Feira orgânica', 'Feira', 'DEBIT', '2024-11-30', '2024-11-30'::timestamptz, now(), '00000000-0000-0000-0000-000000000001'),
  ('50000000-0005-0000-0000-000000000121', '20000000-0000-0000-0000-000000000001', 'c0000000-0000-0000-0000-000000000007', 21000.00, 'BRL', 'Salário + 13º', 'Salário', 'CREDIT', '2024-12-05', '2024-12-05'::timestamptz, now(), '00000000-0000-0000-0000-000000000001'),
  ('50000000-0005-0000-0000-000000000122', '20000000-0000-0000-0000-000000000001', 'c0000000-0000-0000-0000-000000000003', -2700.00, 'BRL', 'Aluguel Dezembro', 'Aluguel', 'DEBIT', '2024-12-10', '2024-12-10'::timestamptz, now(), '00000000-0000-0000-0000-000000000001'),
  ('50000000-0005-0000-0000-000000000123', '20000000-0000-0000-0000-000000000001', 'c0000000-0000-0000-0000-000000000001', -1567.50, 'BRL', 'Supermercado Carrefour', 'Mercado', 'DEBIT', '2024-12-12', '2024-12-12'::timestamptz, now(), '00000000-0000-0000-0000-000000000001'),
  ('50000000-0005-0000-0000-000000000124', '20000000-0000-0000-0000-000000000007', 'c0000000-0000-0000-0000-00000000000c', -55.90, 'BRL', 'Netflix', 'Assinatura', 'DEBIT', '2024-12-15', '2024-12-15'::timestamptz, now(), '00000000-0000-0000-0000-000000000001'),
  ('50000000-0005-0000-0000-000000000125', '20000000-0000-0000-0000-000000000007', 'c0000000-0000-0000-0000-000000000006', -4567.00, 'BRL', 'Presentes Natal', 'Natal', 'DEBIT', '2024-12-18', '2024-12-18'::timestamptz, now(), '00000000-0000-0000-0000-000000000001'),
  ('50000000-0005-0000-0000-000000000126', '20000000-0000-0000-0000-000000000008', 'c0000000-0000-0000-0000-000000000006', -3890.00, 'BRL', 'Viagem Natal', 'Lazer', 'DEBIT', '2024-12-22', '2024-12-22'::timestamptz, now(), '00000000-0000-0000-0000-000000000001'),
  ('50000000-0005-0000-0000-000000000127', '20000000-0000-0000-0000-000000000006', 'c0000000-0000-0000-0000-000000000001', -456.00, 'BRL', 'Ceia Natal', 'Alimentação', 'DEBIT', '2024-12-24', '2024-12-24'::timestamptz, now(), '00000000-0000-0000-0000-000000000001'),
  ('50000000-0005-0000-0000-000000000128', '20000000-0000-0000-0000-000000000001', 'c0000000-0000-0000-0000-000000000009', 6200.00, 'BRL', 'Bônus freelance', 'Freelance', 'CREDIT', '2024-12-28', '2024-12-28'::timestamptz, now(), '00000000-0000-0000-0000-000000000001'),
  ('50000000-0005-0000-0000-000000000129', '20000000-0000-0000-0000-000000000006', 'c0000000-0000-0000-0000-000000000001', -345.00, 'BRL', 'Ceia Reveillon', 'Alimentação', 'DEBIT', '2024-12-31', '2024-12-31'::timestamptz, now(), '00000000-0000-0000-0000-000000000001');

-- ============================================================================
-- TRANSACTIONS 2025 (~180 transactions, ~4/week)
-- ============================================================================
INSERT INTO transactions (id, account_id, category_id, amount, currency, description, name, kind, transacted_date, created_at, updated_at, created_by) VALUES
  ('50000000-0006-0000-0000-000000000001', '20000000-0000-0000-0000-000000000001', 'c0000000-0000-0000-0000-000000000007', 11000.00, 'BRL', 'Salário Janeiro', 'Salário', 'CREDIT', '2025-01-05', '2025-01-05'::timestamptz, now(), '00000000-0000-0000-0000-000000000001'),
  ('50000000-0006-0000-0000-000000000002', '20000000-0000-0000-0000-000000000001', 'c0000000-0000-0000-0000-000000000003', -2900.00, 'BRL', 'Aluguel Janeiro', 'Aluguel', 'DEBIT', '2025-01-10', '2025-01-10'::timestamptz, now(), '00000000-0000-0000-0000-000000000001'),
  ('50000000-0006-0000-0000-000000000003', '20000000-0000-0000-0000-000000000001', 'c0000000-0000-0000-0000-000000000001', -823.30, 'BRL', 'Supermercado Extra', 'Mercado', 'DEBIT', '2025-01-12', '2025-01-12'::timestamptz, now(), '00000000-0000-0000-0000-000000000001'),
  ('50000000-0006-0000-0000-000000000004', '20000000-0000-0000-0000-000000000007', 'c0000000-0000-0000-0000-00000000000c', -59.90, 'BRL', 'Netflix', 'Assinatura', 'DEBIT', '2025-01-15', '2025-01-15'::timestamptz, now(), '00000000-0000-0000-0000-000000000001'),
  ('50000000-0006-0000-0000-000000000005', '20000000-0000-0000-0000-000000000002', 'c0000000-0000-0000-0000-000000000002', -412.00, 'BRL', 'Combustível Shell', 'Gasolina', 'DEBIT', '2025-01-16', '2025-01-16'::timestamptz, now(), '00000000-0000-0000-0000-000000000001'),
  ('50000000-0006-0000-0000-000000000006', '20000000-0000-0000-0000-000000000008', 'c0000000-0000-0000-0000-000000000006', -356.50, 'BRL', 'iFood', 'Delivery', 'DEBIT', '2025-01-18', '2025-01-18'::timestamptz, now(), '00000000-0000-0000-0000-000000000001'),
  ('50000000-0006-0000-0000-000000000007', '20000000-0000-0000-0000-000000000001', 'c0000000-0000-0000-0000-00000000000a', -523.00, 'BRL', 'Conta luz', 'CPFL', 'DEBIT', '2025-01-20', '2025-01-20'::timestamptz, now(), '00000000-0000-0000-0000-000000000001'),
  ('50000000-0006-0000-0000-000000000008', '20000000-0000-0000-0000-000000000006', 'c0000000-0000-0000-0000-000000000001', -156.50, 'BRL', 'Feira orgânica', 'Feira', 'DEBIT', '2025-01-22', '2025-01-22'::timestamptz, now(), '00000000-0000-0000-0000-000000000001'),
  ('50000000-0006-0000-0000-000000000009', '20000000-0000-0000-0000-000000000001', 'c0000000-0000-0000-0000-000000000001', -212.00, 'BRL', 'Padaria', 'Lanche', 'DEBIT', '2025-01-24', '2025-01-24'::timestamptz, now(), '00000000-0000-0000-0000-000000000001'),
  ('50000000-0006-0000-0000-000000000010', '20000000-0000-0000-0000-000000000003', 'c0000000-0000-0000-0000-000000000002', -267.00, 'BRL', 'Uber', 'Transporte', 'DEBIT', '2025-01-25', '2025-01-25'::timestamptz, now(), '00000000-0000-0000-0000-000000000001'),
  ('50000000-0006-0000-0000-000000000011', '20000000-0000-0000-0000-000000000005', 'c0000000-0000-0000-0000-000000000008', 1456.00, 'BRL', 'Rendimento poupança', 'Investimento', 'CREDIT', '2025-01-28', '2025-01-28'::timestamptz, now(), '00000000-0000-0000-0000-000000000001'),
  ('50000000-0006-0000-0000-000000000012', '20000000-0000-0000-0000-000000000006', 'c0000000-0000-0000-0000-000000000001', -134.00, 'BRL', 'Feira livre', 'Feira', 'DEBIT', '2025-01-31', '2025-01-31'::timestamptz, now(), '00000000-0000-0000-0000-000000000001'),
  ('50000000-0006-0000-0000-000000000013', '20000000-0000-0000-0000-000000000001', 'c0000000-0000-0000-0000-000000000007', 11000.00, 'BRL', 'Salário Fevereiro', 'Salário', 'CREDIT', '2025-02-05', '2025-02-05'::timestamptz, now(), '00000000-0000-0000-0000-000000000001'),
  ('50000000-0006-0000-0000-000000000014', '20000000-0000-0000-0000-000000000001', 'c0000000-0000-0000-0000-000000000003', -2900.00, 'BRL', 'Aluguel Fevereiro', 'Aluguel', 'DEBIT', '2025-02-10', '2025-02-10'::timestamptz, now(), '00000000-0000-0000-0000-000000000001'),
  ('50000000-0006-0000-0000-000000000015', '20000000-0000-0000-0000-000000000001', 'c0000000-0000-0000-0000-000000000001', -912.40, 'BRL', 'Supermercado Carrefour', 'Mercado', 'DEBIT', '2025-02-12', '2025-02-12'::timestamptz, now(), '00000000-0000-0000-0000-000000000001'),
  ('50000000-0006-0000-0000-000000000016', '20000000-0000-0000-0000-000000000007', 'c0000000-0000-0000-0000-00000000000c', -39.90, 'BRL', 'Spotify', 'Assinatura', 'DEBIT', '2025-02-15', '2025-02-15'::timestamptz, now(), '00000000-0000-0000-0000-000000000001'),
  ('50000000-0006-0000-0000-000000000017', '20000000-0000-0000-0000-000000000003', 'c0000000-0000-0000-0000-000000000002', -534.00, 'BRL', 'Uber mensal', 'Transporte', 'DEBIT', '2025-02-16', '2025-02-16'::timestamptz, now(), '00000000-0000-0000-0000-000000000001'),
  ('50000000-0006-0000-0000-000000000018', '20000000-0000-0000-0000-000000000001', 'c0000000-0000-0000-0000-000000000004', -289.00, 'BRL', 'Farmácia', 'Remédios', 'DEBIT', '2025-02-18', '2025-02-18'::timestamptz, now(), '00000000-0000-0000-0000-000000000001'),
  ('50000000-0006-0000-0000-000000000019', '20000000-0000-0000-0000-000000000008', 'c0000000-0000-0000-0000-000000000006', -234.00, 'BRL', 'iFood', 'Delivery', 'DEBIT', '2025-02-20', '2025-02-20'::timestamptz, now(), '00000000-0000-0000-0000-000000000001'),
  ('50000000-0006-0000-0000-000000000020', '20000000-0000-0000-0000-000000000002', 'c0000000-0000-0000-0000-000000000002', -423.00, 'BRL', 'Combustível Ipiranga', 'Gasolina', 'DEBIT', '2025-02-22', '2025-02-22'::timestamptz, now(), '00000000-0000-0000-0000-000000000001'),
  ('50000000-0006-0000-0000-000000000021', '20000000-0000-0000-0000-000000000007', 'c0000000-0000-0000-0000-000000000006', -2890.00, 'BRL', 'Carnaval Salvador', 'Lazer', 'DEBIT', '2025-03-03', '2025-03-03'::timestamptz, now(), '00000000-0000-0000-0000-000000000001'),
  ('50000000-0006-0000-0000-000000000022', '20000000-0000-0000-0000-000000000006', 'c0000000-0000-0000-0000-000000000001', -145.00, 'BRL', 'Feira livre', 'Feira', 'DEBIT', '2025-02-28', '2025-02-28'::timestamptz, now(), '00000000-0000-0000-0000-000000000001'),
  ('50000000-0006-0000-0000-000000000023', '20000000-0000-0000-0000-000000000001', 'c0000000-0000-0000-0000-000000000007', 11000.00, 'BRL', 'Salário Março', 'Salário', 'CREDIT', '2025-03-05', '2025-03-05'::timestamptz, now(), '00000000-0000-0000-0000-000000000001'),
  ('50000000-0006-0000-0000-000000000024', '20000000-0000-0000-0000-000000000001', 'c0000000-0000-0000-0000-000000000003', -2900.00, 'BRL', 'Aluguel Março', 'Aluguel', 'DEBIT', '2025-03-10', '2025-03-10'::timestamptz, now(), '00000000-0000-0000-0000-000000000001'),
  ('50000000-0006-0000-0000-000000000025', '20000000-0000-0000-0000-000000000001', 'c0000000-0000-0000-0000-000000000001', -1045.80, 'BRL', 'Supermercado BIG', 'Mercado', 'DEBIT', '2025-03-12', '2025-03-12'::timestamptz, now(), '00000000-0000-0000-0000-000000000001'),
  ('50000000-0006-0000-0000-000000000026', '20000000-0000-0000-0000-000000000002', 'c0000000-0000-0000-0000-000000000002', -478.00, 'BRL', 'Combustível BR', 'Gasolina', 'DEBIT', '2025-03-14', '2025-03-14'::timestamptz, now(), '00000000-0000-0000-0000-000000000001'),
  ('50000000-0006-0000-0000-000000000027', '20000000-0000-0000-0000-000000000001', 'c0000000-0000-0000-0000-00000000000a', -334.00, 'BRL', 'Conta água', 'Sabesp', 'DEBIT', '2025-03-16', '2025-03-16'::timestamptz, now(), '00000000-0000-0000-0000-000000000001'),
  ('50000000-0006-0000-0000-000000000028', '20000000-0000-0000-0000-000000000001', 'c0000000-0000-0000-0000-000000000005', -2340.00, 'BRL', 'Curso Next.js', 'Educação', 'DEBIT', '2025-03-18', '2025-03-18'::timestamptz, now(), '00000000-0000-0000-0000-000000000001'),
  ('50000000-0006-0000-0000-000000000029', '20000000-0000-0000-0000-000000000008', 'c0000000-0000-0000-0000-00000000000b', -1234.00, 'BRL', 'Amazon', 'Compras', 'DEBIT', '2025-03-20', '2025-03-20'::timestamptz, now(), '00000000-0000-0000-0000-000000000001'),
  ('50000000-0006-0000-0000-000000000030', '20000000-0000-0000-0000-000000000001', 'c0000000-0000-0000-0000-000000000009', 8900.00, 'BRL', 'Freelance microservices', 'Freelance', 'CREDIT', '2025-03-22', '2025-03-22'::timestamptz, now(), '00000000-0000-0000-0000-000000000001'),
  ('50000000-0006-0000-0000-000000000031', '20000000-0000-0000-0000-000000000006', 'c0000000-0000-0000-0000-000000000001', -189.00, 'BRL', 'Padaria', 'Lanche', 'DEBIT', '2025-03-25', '2025-03-25'::timestamptz, now(), '00000000-0000-0000-0000-000000000001'),
  ('50000000-0006-0000-0000-000000000032', '20000000-0000-0000-0000-000000000001', 'c0000000-0000-0000-0000-00000000000a', -612.00, 'BRL', 'Conta luz', 'CPFL', 'DEBIT', '2025-03-28', '2025-03-28'::timestamptz, now(), '00000000-0000-0000-0000-000000000001'),
  ('50000000-0006-0000-0000-000000000033', '20000000-0000-0000-0000-000000000006', 'c0000000-0000-0000-0000-000000000001', -167.00, 'BRL', 'Feira orgânica', 'Feira', 'DEBIT', '2025-03-31', '2025-03-31'::timestamptz, now(), '00000000-0000-0000-0000-000000000001'),
  ('50000000-0006-0000-0000-000000000034', '20000000-0000-0000-0000-000000000001', 'c0000000-0000-0000-0000-000000000007', 11000.00, 'BRL', 'Salário Abril', 'Salário', 'CREDIT', '2025-04-05', '2025-04-05'::timestamptz, now(), '00000000-0000-0000-0000-000000000001'),
  ('50000000-0006-0000-0000-000000000035', '20000000-0000-0000-0000-000000000001', 'c0000000-0000-0000-0000-000000000003', -2900.00, 'BRL', 'Aluguel Abril', 'Aluguel', 'DEBIT', '2025-04-10', '2025-04-10'::timestamptz, now(), '00000000-0000-0000-0000-000000000001'),
  ('50000000-0006-0000-0000-000000000036', '20000000-0000-0000-0000-000000000001', 'c0000000-0000-0000-0000-000000000001', -978.40, 'BRL', 'Supermercado Extra', 'Mercado', 'DEBIT', '2025-04-12', '2025-04-12'::timestamptz, now(), '00000000-0000-0000-0000-000000000001'),
  ('50000000-0006-0000-0000-000000000037', '20000000-0000-0000-0000-000000000007', 'c0000000-0000-0000-0000-00000000000c', -59.90, 'BRL', 'Netflix', 'Assinatura', 'DEBIT', '2025-04-15', '2025-04-15'::timestamptz, now(), '00000000-0000-0000-0000-000000000001'),
  ('50000000-0006-0000-0000-000000000038', '20000000-0000-0000-0000-000000000002', 'c0000000-0000-0000-0000-000000000002', -456.00, 'BRL', 'Combustível Shell', 'Gasolina', 'DEBIT', '2025-04-16', '2025-04-16'::timestamptz, now(), '00000000-0000-0000-0000-000000000001'),
  ('50000000-0006-0000-0000-000000000039', '20000000-0000-0000-0000-000000000008', 'c0000000-0000-0000-0000-000000000006', -412.00, 'BRL', 'iFood', 'Delivery', 'DEBIT', '2025-04-18', '2025-04-18'::timestamptz, now(), '00000000-0000-0000-0000-000000000001'),
  ('50000000-0006-0000-0000-000000000040', '20000000-0000-0000-0000-000000000001', 'c0000000-0000-0000-0000-000000000004', -1234.00, 'BRL', 'Consulta médica', 'Saúde', 'DEBIT', '2025-04-20', '2025-04-20'::timestamptz, now(), '00000000-0000-0000-0000-000000000001'),
  ('50000000-0006-0000-0000-000000000041', '20000000-0000-0000-0000-000000000003', 'c0000000-0000-0000-0000-000000000002', -312.00, 'BRL', 'Uber', 'Transporte', 'DEBIT', '2025-04-22', '2025-04-22'::timestamptz, now(), '00000000-0000-0000-0000-000000000001'),
  ('50000000-0006-0000-0000-000000000042', '20000000-0000-0000-0000-000000000006', 'c0000000-0000-0000-0000-000000000001', -201.00, 'BRL', 'Padaria', 'Lanche', 'DEBIT', '2025-04-25', '2025-04-25'::timestamptz, now(), '00000000-0000-0000-0000-000000000001'),
  ('50000000-0006-0000-0000-000000000043', '20000000-0000-0000-0000-000000000005', 'c0000000-0000-0000-0000-000000000008', 1890.00, 'BRL', 'Dividendos', 'Investimento', 'CREDIT', '2025-04-28', '2025-04-28'::timestamptz, now(), '00000000-0000-0000-0000-000000000001'),
  ('50000000-0006-0000-0000-000000000044', '20000000-0000-0000-0000-000000000006', 'c0000000-0000-0000-0000-000000000001', -178.00, 'BRL', 'Feira livre', 'Feira', 'DEBIT', '2025-04-30', '2025-04-30'::timestamptz, now(), '00000000-0000-0000-0000-000000000001'),
  ('50000000-0006-0000-0000-000000000045', '20000000-0000-0000-0000-000000000001', 'c0000000-0000-0000-0000-000000000007', 11000.00, 'BRL', 'Salário Maio', 'Salário', 'CREDIT', '2025-05-05', '2025-05-05'::timestamptz, now(), '00000000-0000-0000-0000-000000000001'),
  ('50000000-0006-0000-0000-000000000046', '20000000-0000-0000-0000-000000000001', 'c0000000-0000-0000-0000-000000000003', -2900.00, 'BRL', 'Aluguel Maio', 'Aluguel', 'DEBIT', '2025-05-10', '2025-05-10'::timestamptz, now(), '00000000-0000-0000-0000-000000000001'),
  ('50000000-0006-0000-0000-000000000047', '20000000-0000-0000-0000-000000000001', 'c0000000-0000-0000-0000-000000000001', -1123.30, 'BRL', 'Supermercado Dia', 'Mercado', 'DEBIT', '2025-05-12', '2025-05-12'::timestamptz, now(), '00000000-0000-0000-0000-000000000001'),
  ('50000000-0006-0000-0000-000000000048', '20000000-0000-0000-0000-000000000007', 'c0000000-0000-0000-0000-00000000000c', -39.90, 'BRL', 'Spotify', 'Assinatura', 'DEBIT', '2025-05-15', '2025-05-15'::timestamptz, now(), '00000000-0000-0000-0000-000000000001'),
  ('50000000-0006-0000-0000-000000000049', '20000000-0000-0000-0000-000000000003', 'c0000000-0000-0000-0000-000000000002', -589.00, 'BRL', 'Uber mensal', 'Transporte', 'DEBIT', '2025-05-16', '2025-05-16'::timestamptz, now(), '00000000-0000-0000-0000-000000000001'),
  ('50000000-0006-0000-0000-000000000050', '20000000-0000-0000-0000-000000000005', 'c0000000-0000-0000-0000-000000000008', 2234.00, 'BRL', 'Rendimento CDB', 'Investimento', 'CREDIT', '2025-05-18', '2025-05-18'::timestamptz, now(), '00000000-0000-0000-0000-000000000001'),
  ('50000000-0006-0000-0000-000000000051', '20000000-0000-0000-0000-000000000007', 'c0000000-0000-0000-0000-00000000000b', -1567.00, 'BRL', 'Magazine Luiza', 'Compras', 'DEBIT', '2025-05-20', '2025-05-20'::timestamptz, now(), '00000000-0000-0000-0000-000000000001'),
  ('50000000-0006-0000-0000-000000000052', '20000000-0000-0000-0000-000000000001', 'c0000000-0000-0000-0000-00000000000a', -289.00, 'BRL', 'Internet Vivo', 'Internet', 'DEBIT', '2025-05-22', '2025-05-22'::timestamptz, now(), '00000000-0000-0000-0000-000000000001'),
  ('50000000-0006-0000-0000-000000000053', '20000000-0000-0000-0000-000000000002', 'c0000000-0000-0000-0000-000000000002', -512.00, 'BRL', 'Combustível Ipiranga', 'Gasolina', 'DEBIT', '2025-05-24', '2025-05-24'::timestamptz, now(), '00000000-0000-0000-0000-000000000001'),
  ('50000000-0006-0000-0000-000000000054', '20000000-0000-0000-0000-000000000008', 'c0000000-0000-0000-0000-000000000006', -345.00, 'BRL', 'iFood', 'Delivery', 'DEBIT', '2025-05-27', '2025-05-27'::timestamptz, now(), '00000000-0000-0000-0000-000000000001'),
  ('50000000-0006-0000-0000-000000000055', '20000000-0000-0000-0000-000000000006', 'c0000000-0000-0000-0000-000000000001', -189.00, 'BRL', 'Feira orgânica', 'Feira', 'DEBIT', '2025-05-31', '2025-05-31'::timestamptz, now(), '00000000-0000-0000-0000-000000000001'),
  ('50000000-0006-0000-0000-000000000056', '20000000-0000-0000-0000-000000000001', 'c0000000-0000-0000-0000-000000000007', 11000.00, 'BRL', 'Salário Junho', 'Salário', 'CREDIT', '2025-06-05', '2025-06-05'::timestamptz, now(), '00000000-0000-0000-0000-000000000001'),
  ('50000000-0006-0000-0000-000000000057', '20000000-0000-0000-0000-000000000001', 'c0000000-0000-0000-0000-000000000003', -2900.00, 'BRL', 'Aluguel Junho', 'Aluguel', 'DEBIT', '2025-06-10', '2025-06-10'::timestamptz, now(), '00000000-0000-0000-0000-000000000001'),
  ('50000000-0006-0000-0000-000000000058', '20000000-0000-0000-0000-000000000001', 'c0000000-0000-0000-0000-000000000001', -1234.40, 'BRL', 'Supermercado Carrefour', 'Mercado', 'DEBIT', '2025-06-12', '2025-06-12'::timestamptz, now(), '00000000-0000-0000-0000-000000000001'),
  ('50000000-0006-0000-0000-000000000059', '20000000-0000-0000-0000-000000000007', 'c0000000-0000-0000-0000-00000000000c', -59.90, 'BRL', 'Netflix', 'Assinatura', 'DEBIT', '2025-06-15', '2025-06-15'::timestamptz, now(), '00000000-0000-0000-0000-000000000001'),
  ('50000000-0006-0000-0000-000000000060', '20000000-0000-0000-0000-000000000002', 'c0000000-0000-0000-0000-000000000002', -534.00, 'BRL', 'Combustível Shell', 'Gasolina', 'DEBIT', '2025-06-16', '2025-06-16'::timestamptz, now(), '00000000-0000-0000-0000-000000000001'),
  ('50000000-0006-0000-0000-000000000061', '20000000-0000-0000-0000-000000000001', 'c0000000-0000-0000-0000-000000000009', 10500.00, 'BRL', 'Freelance mobile', 'Freelance', 'CREDIT', '2025-06-18', '2025-06-18'::timestamptz, now(), '00000000-0000-0000-0000-000000000001'),
  ('50000000-0006-0000-0000-000000000062', '20000000-0000-0000-0000-000000000008', 'c0000000-0000-0000-0000-000000000006', -2890.00, 'BRL', 'Viagem SP', 'Lazer', 'DEBIT', '2025-06-21', '2025-06-21'::timestamptz, now(), '00000000-0000-0000-0000-000000000001'),
  ('50000000-0006-0000-0000-000000000063', '20000000-0000-0000-0000-000000000001', 'c0000000-0000-0000-0000-000000000005', -567.00, 'BRL', 'Livro técnico', 'Educação', 'DEBIT', '2025-06-24', '2025-06-24'::timestamptz, now(), '00000000-0000-0000-0000-000000000001'),
  ('50000000-0006-0000-0000-000000000064', '20000000-0000-0000-0000-000000000006', 'c0000000-0000-0000-0000-000000000001', -223.00, 'BRL', 'Padaria', 'Lanche', 'DEBIT', '2025-06-27', '2025-06-27'::timestamptz, now(), '00000000-0000-0000-0000-000000000001'),
  ('50000000-0006-0000-0000-000000000065', '20000000-0000-0000-0000-000000000001', 'c0000000-0000-0000-0000-00000000000a', -678.00, 'BRL', 'Conta luz', 'CPFL', 'DEBIT', '2025-06-30', '2025-06-30'::timestamptz, now(), '00000000-0000-0000-0000-000000000001'),
  ('50000000-0006-0000-0000-000000000066', '20000000-0000-0000-0000-000000000001', 'c0000000-0000-0000-0000-000000000007', 11000.00, 'BRL', 'Salário Julho', 'Salário', 'CREDIT', '2025-07-05', '2025-07-05'::timestamptz, now(), '00000000-0000-0000-0000-000000000001'),
  ('50000000-0006-0000-0000-000000000067', '20000000-0000-0000-0000-000000000001', 'c0000000-0000-0000-0000-000000000003', -2900.00, 'BRL', 'Aluguel Julho', 'Aluguel', 'DEBIT', '2025-07-10', '2025-07-10'::timestamptz, now(), '00000000-0000-0000-0000-000000000001'),
  ('50000000-0006-0000-0000-000000000068', '20000000-0000-0000-0000-000000000001', 'c0000000-0000-0000-0000-000000000001', -1345.30, 'BRL', 'Supermercado BIG', 'Mercado', 'DEBIT', '2025-07-12', '2025-07-12'::timestamptz, now(), '00000000-0000-0000-0000-000000000001'),
  ('50000000-0006-0000-0000-000000000069', '20000000-0000-0000-0000-000000000007', 'c0000000-0000-0000-0000-00000000000c', -39.90, 'BRL', 'Spotify', 'Assinatura', 'DEBIT', '2025-07-15', '2025-07-15'::timestamptz, now(), '00000000-0000-0000-0000-000000000001'),
  ('50000000-0006-0000-0000-000000000070', '20000000-0000-0000-0000-000000000003', 'c0000000-0000-0000-0000-000000000002', -623.00, 'BRL', 'Uber mensal', 'Transporte', 'DEBIT', '2025-07-16', '2025-07-16'::timestamptz, now(), '00000000-0000-0000-0000-000000000001'),
  ('50000000-0006-0000-0000-000000000071', '20000000-0000-0000-0000-000000000001', 'c0000000-0000-0000-0000-00000000000a', -378.00, 'BRL', 'Conta água', 'Sabesp', 'DEBIT', '2025-07-18', '2025-07-18'::timestamptz, now(), '00000000-0000-0000-0000-000000000001'),
  ('50000000-0006-0000-0000-000000000072', '20000000-0000-0000-0000-000000000008', 'c0000000-0000-0000-0000-000000000006', -467.00, 'BRL', 'iFood', 'Delivery', 'DEBIT', '2025-07-20', '2025-07-20'::timestamptz, now(), '00000000-0000-0000-0000-000000000001'),
  ('50000000-0006-0000-0000-000000000073', '20000000-0000-0000-0000-000000000001', 'c0000000-0000-0000-0000-000000000004', -412.00, 'BRL', 'Farmácia', 'Remédios', 'DEBIT', '2025-07-22', '2025-07-22'::timestamptz, now(), '00000000-0000-0000-0000-000000000001'),
  ('50000000-0006-0000-0000-000000000074', '20000000-0000-0000-0000-000000000002', 'c0000000-0000-0000-0000-000000000002', -589.00, 'BRL', 'Combustível BR', 'Gasolina', 'DEBIT', '2025-07-24', '2025-07-24'::timestamptz, now(), '00000000-0000-0000-0000-000000000001'),
  ('50000000-0006-0000-0000-000000000075', '20000000-0000-0000-0000-000000000005', 'c0000000-0000-0000-0000-000000000008', 2567.00, 'BRL', 'Dividendos', 'Investimento', 'CREDIT', '2025-07-26', '2025-07-26'::timestamptz, now(), '00000000-0000-0000-0000-000000000001'),
  ('50000000-0006-0000-0000-000000000076', '20000000-0000-0000-0000-000000000006', 'c0000000-0000-0000-0000-000000000001', -201.00, 'BRL', 'Feira orgânica', 'Feira', 'DEBIT', '2025-07-28', '2025-07-28'::timestamptz, now(), '00000000-0000-0000-0000-000000000001'),
  ('50000000-0006-0000-0000-000000000077', '20000000-0000-0000-0000-000000000006', 'c0000000-0000-0000-0000-000000000001', -156.00, 'BRL', 'Feira livre', 'Feira', 'DEBIT', '2025-07-31', '2025-07-31'::timestamptz, now(), '00000000-0000-0000-0000-000000000001'),
  ('50000000-0006-0000-0000-000000000078', '20000000-0000-0000-0000-000000000001', 'c0000000-0000-0000-0000-000000000007', 11000.00, 'BRL', 'Salário Agosto', 'Salário', 'CREDIT', '2025-08-05', '2025-08-05'::timestamptz, now(), '00000000-0000-0000-0000-000000000001'),
  ('50000000-0006-0000-0000-000000000079', '20000000-0000-0000-0000-000000000001', 'c0000000-0000-0000-0000-000000000003', -2900.00, 'BRL', 'Aluguel Agosto', 'Aluguel', 'DEBIT', '2025-08-10', '2025-08-10'::timestamptz, now(), '00000000-0000-0000-0000-000000000001'),
  ('50000000-0006-0000-0000-000000000080', '20000000-0000-0000-0000-000000000001', 'c0000000-0000-0000-0000-000000000001', -1456.50, 'BRL', 'Supermercado Extra', 'Mercado', 'DEBIT', '2025-08-12', '2025-08-12'::timestamptz, now(), '00000000-0000-0000-0000-000000000001'),
  ('50000000-0006-0000-0000-000000000081', '20000000-0000-0000-0000-000000000007', 'c0000000-0000-0000-0000-00000000000c', -59.90, 'BRL', 'Netflix', 'Assinatura', 'DEBIT', '2025-08-15', '2025-08-15'::timestamptz, now(), '00000000-0000-0000-0000-000000000001'),
  ('50000000-0006-0000-0000-000000000082', '20000000-0000-0000-0000-000000000007', 'c0000000-0000-0000-0000-00000000000b', -2890.00, 'BRL', 'Casas Bahia', 'Compras', 'DEBIT', '2025-08-16', '2025-08-16'::timestamptz, now(), '00000000-0000-0000-0000-000000000001'),
  ('50000000-0006-0000-0000-000000000083', '20000000-0000-0000-0000-000000000001', 'c0000000-0000-0000-0000-00000000000a', -734.00, 'BRL', 'Conta luz', 'CPFL', 'DEBIT', '2025-08-18', '2025-08-18'::timestamptz, now(), '00000000-0000-0000-0000-000000000001'),
  ('50000000-0006-0000-0000-000000000084', '20000000-0000-0000-0000-000000000001', 'c0000000-0000-0000-0000-000000000009', 5600.00, 'BRL', 'Freelance web', 'Freelance', 'CREDIT', '2025-08-20', '2025-08-20'::timestamptz, now(), '00000000-0000-0000-0000-000000000001'),
  ('50000000-0006-0000-0000-000000000085', '20000000-0000-0000-0000-000000000002', 'c0000000-0000-0000-0000-000000000002', -623.00, 'BRL', 'Combustível Ipiranga', 'Gasolina', 'DEBIT', '2025-08-22', '2025-08-22'::timestamptz, now(), '00000000-0000-0000-0000-000000000001'),
  ('50000000-0006-0000-0000-000000000086', '20000000-0000-0000-0000-000000000008', 'c0000000-0000-0000-0000-000000000006', -512.00, 'BRL', 'iFood', 'Delivery', 'DEBIT', '2025-08-24', '2025-08-24'::timestamptz, now(), '00000000-0000-0000-0000-000000000001'),
  ('50000000-0006-0000-0000-000000000087', '20000000-0000-0000-0000-000000000006', 'c0000000-0000-0000-0000-000000000001', -178.00, 'BRL', 'Padaria', 'Lanche', 'DEBIT', '2025-08-27', '2025-08-27'::timestamptz, now(), '00000000-0000-0000-0000-000000000001'),
  ('50000000-0006-0000-0000-000000000088', '20000000-0000-0000-0000-000000000006', 'c0000000-0000-0000-0000-000000000001', -234.00, 'BRL', 'Feira livre', 'Feira', 'DEBIT', '2025-08-31', '2025-08-31'::timestamptz, now(), '00000000-0000-0000-0000-000000000001'),
  ('50000000-0006-0000-0000-000000000089', '20000000-0000-0000-0000-000000000001', 'c0000000-0000-0000-0000-000000000007', 11000.00, 'BRL', 'Salário Setembro', 'Salário', 'CREDIT', '2025-09-05', '2025-09-05'::timestamptz, now(), '00000000-0000-0000-0000-000000000001'),
  ('50000000-0006-0000-0000-000000000090', '20000000-0000-0000-0000-000000000001', 'c0000000-0000-0000-0000-000000000003', -2900.00, 'BRL', 'Aluguel Setembro', 'Aluguel', 'DEBIT', '2025-09-10', '2025-09-10'::timestamptz, now(), '00000000-0000-0000-0000-000000000001'),
  ('50000000-0006-0000-0000-000000000091', '20000000-0000-0000-0000-000000000001', 'c0000000-0000-0000-0000-000000000001', -1567.70, 'BRL', 'Supermercado Carrefour', 'Mercado', 'DEBIT', '2025-09-12', '2025-09-12'::timestamptz, now(), '00000000-0000-0000-0000-000000000001'),
  ('50000000-0006-0000-0000-000000000092', '20000000-0000-0000-0000-000000000007', 'c0000000-0000-0000-0000-00000000000c', -39.90, 'BRL', 'Spotify', 'Assinatura', 'DEBIT', '2025-09-15', '2025-09-15'::timestamptz, now(), '00000000-0000-0000-0000-000000000001'),
  ('50000000-0006-0000-0000-000000000093', '20000000-0000-0000-0000-000000000003', 'c0000000-0000-0000-0000-000000000002', -678.00, 'BRL', 'Uber mensal', 'Transporte', 'DEBIT', '2025-09-16', '2025-09-16'::timestamptz, now(), '00000000-0000-0000-0000-000000000001'),
  ('50000000-0006-0000-0000-000000000094', '20000000-0000-0000-0000-000000000001', 'c0000000-0000-0000-0000-00000000000a', -412.00, 'BRL', 'Conta água', 'Sabesp', 'DEBIT', '2025-09-18', '2025-09-18'::timestamptz, now(), '00000000-0000-0000-0000-000000000001'),
  ('50000000-0006-0000-0000-000000000095', '20000000-0000-0000-0000-000000000001', 'c0000000-0000-0000-0000-000000000009', 12300.00, 'BRL', 'Freelance sistema', 'Freelance', 'CREDIT', '2025-09-20', '2025-09-20'::timestamptz, now(), '00000000-0000-0000-0000-000000000001'),
  ('50000000-0006-0000-0000-000000000096', '20000000-0000-0000-0000-000000000001', 'c0000000-0000-0000-0000-000000000005', -890.00, 'BRL', 'Curso AWS', 'Educação', 'DEBIT', '2025-09-22', '2025-09-22'::timestamptz, now(), '00000000-0000-0000-0000-000000000001'),
  ('50000000-0006-0000-0000-000000000097', '20000000-0000-0000-0000-000000000002', 'c0000000-0000-0000-0000-000000000002', -656.00, 'BRL', 'Combustível Shell', 'Gasolina', 'DEBIT', '2025-09-24', '2025-09-24'::timestamptz, now(), '00000000-0000-0000-0000-000000000001'),
  ('50000000-0006-0000-0000-000000000098', '20000000-0000-0000-0000-000000000008', 'c0000000-0000-0000-0000-000000000006', -556.00, 'BRL', 'iFood', 'Delivery', 'DEBIT', '2025-09-26', '2025-09-26'::timestamptz, now(), '00000000-0000-0000-0000-000000000001'),
  ('50000000-0006-0000-0000-000000000099', '20000000-0000-0000-0000-000000000006', 'c0000000-0000-0000-0000-000000000001', -201.00, 'BRL', 'Feira orgânica', 'Feira', 'DEBIT', '2025-09-30', '2025-09-30'::timestamptz, now(), '00000000-0000-0000-0000-000000000001'),
  ('50000000-0006-0000-0000-000000000100', '20000000-0000-0000-0000-000000000001', 'c0000000-0000-0000-0000-000000000007', 11000.00, 'BRL', 'Salário Outubro', 'Salário', 'CREDIT', '2025-10-05', '2025-10-05'::timestamptz, now(), '00000000-0000-0000-0000-000000000001'),
  ('50000000-0006-0000-0000-000000000101', '20000000-0000-0000-0000-000000000001', 'c0000000-0000-0000-0000-000000000003', -2900.00, 'BRL', 'Aluguel Outubro', 'Aluguel', 'DEBIT', '2025-10-10', '2025-10-10'::timestamptz, now(), '00000000-0000-0000-0000-000000000001'),
  ('50000000-0006-0000-0000-000000000102', '20000000-0000-0000-0000-000000000001', 'c0000000-0000-0000-0000-000000000001', -1678.40, 'BRL', 'Supermercado Pão de Açúcar', 'Mercado', 'DEBIT', '2025-10-12', '2025-10-12'::timestamptz, now(), '00000000-0000-0000-0000-000000000001'),
  ('50000000-0006-0000-0000-000000000103', '20000000-0000-0000-0000-000000000007', 'c0000000-0000-0000-0000-00000000000c', -59.90, 'BRL', 'Netflix', 'Assinatura', 'DEBIT', '2025-10-15', '2025-10-15'::timestamptz, now(), '00000000-0000-0000-0000-000000000001'),
  ('50000000-0006-0000-0000-000000000104', '20000000-0000-0000-0000-000000000002', 'c0000000-0000-0000-0000-000000000002', -689.00, 'BRL', 'Combustível BR', 'Gasolina', 'DEBIT', '2025-10-16', '2025-10-16'::timestamptz, now(), '00000000-0000-0000-0000-000000000001'),
  ('50000000-0006-0000-0000-000000000105', '20000000-0000-0000-0000-000000000008', 'c0000000-0000-0000-0000-000000000006', -3234.00, 'BRL', 'Viagem Minas', 'Lazer', 'DEBIT', '2025-10-18', '2025-10-18'::timestamptz, now(), '00000000-0000-0000-0000-000000000001'),
  ('50000000-0006-0000-0000-000000000106', '20000000-0000-0000-0000-000000000001', 'c0000000-0000-0000-0000-000000000004', -1567.00, 'BRL', 'Exames médicos', 'Saúde', 'DEBIT', '2025-10-20', '2025-10-20'::timestamptz, now(), '00000000-0000-0000-0000-000000000001'),
  ('50000000-0006-0000-0000-000000000107', '20000000-0000-0000-0000-000000000001', 'c0000000-0000-0000-0000-00000000000a', -289.00, 'BRL', 'Telefone Claro', 'Celular', 'DEBIT', '2025-10-22', '2025-10-22'::timestamptz, now(), '00000000-0000-0000-0000-000000000001'),
  ('50000000-0006-0000-0000-000000000108', '20000000-0000-0000-0000-000000000005', 'c0000000-0000-0000-0000-000000000008', 2890.00, 'BRL', 'Rendimento CDB', 'Investimento', 'CREDIT', '2025-10-24', '2025-10-24'::timestamptz, now(), '00000000-0000-0000-0000-000000000001'),
  ('50000000-0006-0000-0000-000000000109', '20000000-0000-0000-0000-000000000006', 'c0000000-0000-0000-0000-000000000001', -223.00, 'BRL', 'Padaria', 'Lanche', 'DEBIT', '2025-10-27', '2025-10-27'::timestamptz, now(), '00000000-0000-0000-0000-000000000001'),
  ('50000000-0006-0000-0000-000000000110', '20000000-0000-0000-0000-000000000006', 'c0000000-0000-0000-0000-000000000001', -189.00, 'BRL', 'Feira livre', 'Feira', 'DEBIT', '2025-10-31', '2025-10-31'::timestamptz, now(), '00000000-0000-0000-0000-000000000001'),
  ('50000000-0006-0000-0000-000000000111', '20000000-0000-0000-0000-000000000001', 'c0000000-0000-0000-0000-000000000007', 11000.00, 'BRL', 'Salário Novembro', 'Salário', 'CREDIT', '2025-11-05', '2025-11-05'::timestamptz, now(), '00000000-0000-0000-0000-000000000001'),
  ('50000000-0006-0000-0000-000000000112', '20000000-0000-0000-0000-000000000001', 'c0000000-0000-0000-0000-000000000003', -2900.00, 'BRL', 'Aluguel Novembro', 'Aluguel', 'DEBIT', '2025-11-10', '2025-11-10'::timestamptz, now(), '00000000-0000-0000-0000-000000000001'),
  ('50000000-0006-0000-0000-000000000113', '20000000-0000-0000-0000-000000000001', 'c0000000-0000-0000-0000-000000000001', -1789.90, 'BRL', 'Supermercado Extra', 'Mercado', 'DEBIT', '2025-11-12', '2025-11-12'::timestamptz, now(), '00000000-0000-0000-0000-000000000001'),
  ('50000000-0006-0000-0000-000000000114', '20000000-0000-0000-0000-000000000007', 'c0000000-0000-0000-0000-00000000000c', -39.90, 'BRL', 'Spotify', 'Assinatura', 'DEBIT', '2025-11-15', '2025-11-15'::timestamptz, now(), '00000000-0000-0000-0000-000000000001'),
  ('50000000-0006-0000-0000-000000000115', '20000000-0000-0000-0000-000000000003', 'c0000000-0000-0000-0000-000000000002', -712.00, 'BRL', 'Uber mensal', 'Transporte', 'DEBIT', '2025-11-16', '2025-11-16'::timestamptz, now(), '00000000-0000-0000-0000-000000000001'),
  ('50000000-0006-0000-0000-000000000116', '20000000-0000-0000-0000-000000000001', 'c0000000-0000-0000-0000-00000000000a', -789.00, 'BRL', 'Conta luz', 'CPFL', 'DEBIT', '2025-11-18', '2025-11-18'::timestamptz, now(), '00000000-0000-0000-0000-000000000001'),
  ('50000000-0006-0000-0000-000000000117', '20000000-0000-0000-0000-000000000005', 'c0000000-0000-0000-0000-000000000008', 3234.00, 'BRL', 'Dividendos', 'Investimento', 'CREDIT', '2025-11-20', '2025-11-20'::timestamptz, now(), '00000000-0000-0000-0000-000000000001'),
  ('50000000-0006-0000-0000-000000000118', '20000000-0000-0000-0000-000000000007', 'c0000000-0000-0000-0000-00000000000b', -7890.00, 'BRL', 'Black Friday Amazon', 'Compras', 'DEBIT', '2025-11-28', '2025-11-28'::timestamptz, now(), '00000000-0000-0000-0000-000000000001'),
  ('50000000-0006-0000-0000-000000000119', '20000000-0000-0000-0000-000000000002', 'c0000000-0000-0000-0000-000000000002', -723.00, 'BRL', 'Combustível Ipiranga', 'Gasolina', 'DEBIT', '2025-11-22', '2025-11-22'::timestamptz, now(), '00000000-0000-0000-0000-000000000001'),
  ('50000000-0006-0000-0000-000000000120', '20000000-0000-0000-0000-000000000008', 'c0000000-0000-0000-0000-000000000006', -589.00, 'BRL', 'iFood', 'Delivery', 'DEBIT', '2025-11-25', '2025-11-25'::timestamptz, now(), '00000000-0000-0000-0000-000000000001'),
  ('50000000-0006-0000-0000-000000000121', '20000000-0000-0000-0000-000000000006', 'c0000000-0000-0000-0000-000000000001', -212.00, 'BRL', 'Feira orgânica', 'Feira', 'DEBIT', '2025-11-30', '2025-11-30'::timestamptz, now(), '00000000-0000-0000-0000-000000000001'),
  ('50000000-0006-0000-0000-000000000122', '20000000-0000-0000-0000-000000000001', 'c0000000-0000-0000-0000-000000000007', 22000.00, 'BRL', 'Salário + 13º', 'Salário', 'CREDIT', '2025-12-05', '2025-12-05'::timestamptz, now(), '00000000-0000-0000-0000-000000000001'),
  ('50000000-0006-0000-0000-000000000123', '20000000-0000-0000-0000-000000000001', 'c0000000-0000-0000-0000-000000000003', -2900.00, 'BRL', 'Aluguel Dezembro', 'Aluguel', 'DEBIT', '2025-12-10', '2025-12-10'::timestamptz, now(), '00000000-0000-0000-0000-000000000001'),
  ('50000000-0006-0000-0000-000000000124', '20000000-0000-0000-0000-000000000001', 'c0000000-0000-0000-0000-000000000001', -1890.50, 'BRL', 'Supermercado Carrefour', 'Mercado', 'DEBIT', '2025-12-12', '2025-12-12'::timestamptz, now(), '00000000-0000-0000-0000-000000000001'),
  ('50000000-0006-0000-0000-000000000125', '20000000-0000-0000-0000-000000000007', 'c0000000-0000-0000-0000-00000000000c', -59.90, 'BRL', 'Netflix', 'Assinatura', 'DEBIT', '2025-12-15', '2025-12-15'::timestamptz, now(), '00000000-0000-0000-0000-000000000001'),
  ('50000000-0006-0000-0000-000000000126', '20000000-0000-0000-0000-000000000007', 'c0000000-0000-0000-0000-000000000006', -5678.00, 'BRL', 'Presentes Natal', 'Natal', 'DEBIT', '2025-12-18', '2025-12-18'::timestamptz, now(), '00000000-0000-0000-0000-000000000001'),
  ('50000000-0006-0000-0000-000000000127', '20000000-0000-0000-0000-000000000008', 'c0000000-0000-0000-0000-000000000006', -4567.00, 'BRL', 'Viagem Natal', 'Lazer', 'DEBIT', '2025-12-22', '2025-12-22'::timestamptz, now(), '00000000-0000-0000-0000-000000000001'),
  ('50000000-0006-0000-0000-000000000128', '20000000-0000-0000-0000-000000000006', 'c0000000-0000-0000-0000-000000000001', -567.00, 'BRL', 'Ceia Natal', 'Alimentação', 'DEBIT', '2025-12-24', '2025-12-24'::timestamptz, now(), '00000000-0000-0000-0000-000000000001'),
  ('50000000-0006-0000-0000-000000000129', '20000000-0000-0000-0000-000000000001', 'c0000000-0000-0000-0000-000000000009', 8900.00, 'BRL', 'Bônus freelance', 'Freelance', 'CREDIT', '2025-12-28', '2025-12-28'::timestamptz, now(), '00000000-0000-0000-0000-000000000001'),
  ('50000000-0006-0000-0000-000000000130', '20000000-0000-0000-0000-000000000006', 'c0000000-0000-0000-0000-000000000001', -456.00, 'BRL', 'Ceia Reveillon', 'Alimentação', 'DEBIT', '2025-12-31', '2025-12-31'::timestamptz, now(), '00000000-0000-0000-0000-000000000001');
